kernel-results/AIO_PLUG_THRESHOLD/1.input.txt,2.370000,32
kernel-results/AIO_PLUG_THRESHOLD/2.input.txt,2.387167,32
kernel-results/AMT_DISCOVERY_TIMEOUT/1.input.txt,2.098667,28
kernel-results/AMT_DISCOVERY_TIMEOUT/2.input.txt,2.135667,28
kernel-results/AMT_INIT_REQ_TIMEOUT/1.input.txt,2.166333,29
kernel-results/AMT_MAX_REQ_COUNT/1.input.txt,2.249833,30
kernel-results/AMT_MAX_REQ_TIMEOUT/1.input.txt,2.341500,32
kernel-results/AMT_SECRET_TIMEOUT/1.input.txt,2.094000,28
kernel-results/AMT_SECRET_TIMEOUT/2.input.txt,2.203000,28
kernel-results/APOLL_MAX_RETRY/1.input.txt,2.164167,28
kernel-results/BLK_MAX_REQUEST_COUNT/1.input.txt,26.928500,382
kernel-results/BLK_MAX_REQUEST_COUNT/2.input.txt,2.408000,32
kernel-results/BLK_MIN_SG_TIMEOUT/1.input.txt,2.175333,29
kernel-results/BLK_MIN_SG_TIMEOUT/2.input.txt,2.257333,30
kernel-results/BLK_MIN_SG_TIMEOUT/3.input.txt,2.627167,35
kernel-results/BLK_MQ_CPU_WORK_BATCH/1.input.txt,2.156500,28
kernel-results/BLK_MQ_CPU_WORK_BATCH/2.input.txt,3.903333,48
kernel-results/BLK_MQ_MAX_DEPTH/1.input.txt,2.262167,30
kernel-results/BLK_MQ_MAX_DEPTH/2.input.txt,2.080667,28
kernel-results/BLK_MQ_MAX_DEPTH/3.input.txt,18.150000,269
kernel-results/BLK_MQ_MAX_DEPTH/4.input.txt,2.160833,28
kernel-results/BLK_MQ_MAX_DEPTH/5.input.txt,2.401833,32
kernel-results/BLK_MQ_MAX_DEPTH/6.input.txt,15.650667,204
kernel-results/BUSY_POLL_BUDGET/1.input.txt,2.097667,28
kernel-results/BUSY_POLL_BUDGET/2.input.txt,2.146667,28
kernel-results/BUSY_POLL_BUDGET/3.input.txt,2.117333,28
kernel-results/BUSY_POLL_BUDGET/4.input.txt,2.107167,28
kernel-results/BUSY_POLL_BUDGET/5.input.txt,2.144833,28
kernel-results/DFR_MAX/1.input.txt,2.298500,30
kernel-results/DFR_MAX/2.input.txt,2.265500,30
kernel-results/EP_MAX_NESTS/1.input.txt,2.430500,32
kernel-results/EP_MAX_NESTS/2.input.txt,2.300167,30
kernel-results/GET_PAGE_MAX_RETRY_NUM/1.input.txt,2.298833,30
kernel-results/GET_PAGE_MAX_RETRY_NUM/2.input.txt,2.374500,30
kernel-results/GET_PAGE_MAX_RETRY_NUM/3.input.txt,2.301167,30
kernel-results/GSSD_MIN_TIMEOUT/1.input.txt,2.598500,36
kernel-results/IO_LOCAL_TW_DEFAULT_MAX/1.input.txt,2.414667,33
kernel-results/IO_LOCAL_TW_DEFAULT_MAX/2.input.txt,2.219667,29
kernel-results/IO_LOCAL_TW_DEFAULT_MAX/3.input.txt,2.250333,29
kernel-results/IO_LOCAL_TW_DEFAULT_MAX/4.input.txt,2.206167,29
kernel-results/IO_POLL_REF_BIAS/1.input.txt,2.325667,30
kernel-results/IO_POLL_REF_BIAS/2.input.txt,2.295500,30
kernel-results/IO_POLL_REF_BIAS/3.input.txt,2.293833,30
kernel-results/IO_POLL_REF_BIAS/4.input.txt,2.302833,30
kernel-results/IO_POLL_REF_BIAS/5.input.txt,2.291333,30
kernel-results/IO_POLL_REF_BIAS/6.input.txt,2.301833,30
kernel-results/IO_POLL_REF_BIAS/7.input.txt,2.304500,30
kernel-results/IORING_MAX_ENTRIES/1.input.txt,2.282167,30
kernel-results/IORING_MAX_ENTRIES/2.input.txt,2.482000,33
kernel-results/IORING_MAX_ENTRIES/3.input.txt,2.313000,30
kernel-results/IORING_MAX_ENTRIES/4.input.txt,2.496167,33
kernel-results/IO_TCTX_REFS_CACHE_NR/1.input.txt,3.010667,43
kernel-results/IPVS_SYNC_CHECK_PERIOD/1.input.txt,2.134833,28
kernel-results/IPVS_SYNC_FLUSH_TIME/1.input.txt,2.501667,34
kernel-results/IPVS_SYNC_SEND_DELAY/1.input.txt,2.114833,28
kernel-results/IPVS_SYNC_WAKEUP_RATE/1.input.txt,2.280000,30
kernel-results/IPVS_SYNC_WAKEUP_RATE/2.input.txt,2.279333,30
kernel-results/IPVS_SYNC_WAKEUP_RATE/3.input.txt,2.220333,29
kernel-results/IWALK_MAX_INODE_PREFETCH/1.input.txt,2.875000,40
kernel-results/IWALK_MAX_INODE_PREFETCH/2.input.txt,2.469333,31
kernel-results/IWALK_MAX_INODE_PREFETCH/3.input.txt,2.863000,40
kernel-results/IWALK_MAX_INODE_PREFETCH/4.input.txt,2.451500,31
kernel-results/LAST_INO_BATCH/1.input.txt,2.421833,32
kernel-results/LAST_INO_BATCH/2.input.txt,8.960833,154
kernel-results/MAX_GRO_SKBS/1.input.txt,2.268500,30
kernel-results/MAX_INOBT_WALK_PREFETCH/1.input.txt,2.549333,34
kernel-results/MAX_INOBT_WALK_PREFETCH/2.input.txt,2.448000,31
kernel-results/MAX_NR_FOLIOS_PER_FREE/1.input.txt,7.902167,120
kernel-results/MAX_NR_FOLIOS_PER_FREE/2.input.txt,2.439000,32
kernel-results/MAX_OOM_REAP_RETRIES/1.input.txt,2.320167,30
kernel-results/MAX_SLACK/1.input.txt,2.742000,34
kernel-results/MAX_SLACK/2.input.txt,2.395833,32
kernel-results/MAX_SLACK/3.input.txt,2.169500,28
kernel-results/MAX_SLACK/4.input.txt,2.537500,34
kernel-results/MAX_SLACK/5.input.txt,2.592167,32
kernel-results/MAX_SLACK/6.input.txt,2.235500,28
kernel-results/MAX_SLACK/7.input.txt,2.500667,34
kernel-results/MAX_SLACK/8.input.txt,2.369333,32
kernel-results/MAX_SLACK/9.input.txt,2.171333,28
kernel-results/MLD_MAX_SKBS/1.input.txt,2.305333,30
kernel-results/MLD_MAX_SKBS/2.input.txt,2.329833,30
kernel-results/MULTISHOT_MAX_RETRY/1.input.txt,2.302333,30
kernel-results/NFS_JUKEBOX_RETRY_TIME/10.input.txt,2.145333,28
kernel-results/NFS_JUKEBOX_RETRY_TIME/11.input.txt,2.252667,28
kernel-results/NFS_JUKEBOX_RETRY_TIME/12.input.txt,2.344167,28
kernel-results/NFS_JUKEBOX_RETRY_TIME/13.input.txt,2.185667,28
kernel-results/NFS_JUKEBOX_RETRY_TIME/14.input.txt,2.138000,28
kernel-results/NFS_JUKEBOX_RETRY_TIME/15.input.txt,2.144333,28
kernel-results/NFS_JUKEBOX_RETRY_TIME/16.input.txt,2.145000,28
kernel-results/NFS_JUKEBOX_RETRY_TIME/17.input.txt,2.176000,28
kernel-results/NFS_JUKEBOX_RETRY_TIME/18.input.txt,2.194500,28
kernel-results/NFS_JUKEBOX_RETRY_TIME/19.input.txt,2.135333,28
kernel-results/NFS_JUKEBOX_RETRY_TIME/1.input.txt,2.130333,28
kernel-results/NFS_JUKEBOX_RETRY_TIME/20.input.txt,2.146000,28
kernel-results/NFS_JUKEBOX_RETRY_TIME/21.input.txt,2.141167,28
kernel-results/NFS_JUKEBOX_RETRY_TIME/22.input.txt,2.183333,28
kernel-results/NFS_JUKEBOX_RETRY_TIME/2.input.txt,2.372000,28
kernel-results/NFS_JUKEBOX_RETRY_TIME/3.input.txt,2.345667,28
kernel-results/NFS_JUKEBOX_RETRY_TIME/4.input.txt,2.156500,28
kernel-results/NFS_JUKEBOX_RETRY_TIME/5.input.txt,2.175833,28
kernel-results/NFS_JUKEBOX_RETRY_TIME/6.input.txt,2.091667,28
kernel-results/NFS_JUKEBOX_RETRY_TIME/7.input.txt,2.366167,28
kernel-results/NFS_JUKEBOX_RETRY_TIME/8.input.txt,2.164667,28
kernel-results/NFS_JUKEBOX_RETRY_TIME/9.input.txt,2.130167,28
kernel-results/NR_MAX_MIGRATE_PAGES_RETRY/1.input.txt,2.442833,32
kernel-results/NR_MAX_MIGRATE_PAGES_RETRY/2.input.txt,8.634667,153
kernel-results/NR_MAX_MIGRATE_PAGES_RETRY/3.input.txt,9.139000,163
kernel-results/OOM_REAPER_DELAY/1.input.txt,2.447167,31
kernel-results/OOM_REAPER_DELAY/2.input.txt,2.607167,31
kernel-results/OOM_REAPER_DELAY/3.input.txt,2.456833,31
kernel-results/PCPU_SLOT_FAIL_THRESHOLD/1.input.txt,2.450333,32
kernel-results/PEEK_MAX_IMPORT/1.input.txt,2.363167,32
kernel-results/PEEK_MAX_IMPORT/2.input.txt,2.218500,28
kernel-results/PIE_SCALE/1.input.txt,2.709667,35
kernel-results/PIE_SCALE/2.input.txt,6.718833,108
kernel-results/PIE_SCALE/3.input.txt,5.800500,79
kernel-results/PIPE_MIN_DEF_BUFFERS/1.input.txt,2.839000,39
kernel-results/PIPE_MIN_DEF_BUFFERS/2.input.txt,3.283667,45
kernel-results/QUEUE_THRESHOLD/1.input.txt,2.334833,30
kernel-results/QUEUE_THRESHOLD/2.input.txt,2.352667,30
kernel-results/QUEUE_THRESHOLD/3.input.txt,2.338167,30
kernel-results/RCU_JIFFIES_FQS_DIV/1.input.txt,2.544500,33
kernel-results/RCU_JIFFIES_FQS_DIV/2.input.txt,2.507667,33
kernel-results/RCU_JIFFIES_FQS_DIV/3.input.txt,2.700833,39
kernel-results/RDS_IB_RECYCLE_BATCH_COUNT/1.input.txt,2.356833,30
kernel-results/SBQ_WAKE_BATCH/1.input.txt,4.130667,61
kernel-results/SBQ_WAKE_BATCH/2.input.txt,4.127667,59
kernel-results/SBQ_WAKE_BATCH/3.input.txt,3.592500,49
kernel-results/SBQ_WAKE_BATCH/4.input.txt,3.451500,47
kernel-results/SBQ_WAKE_BATCH/5.input.txt,3.132833,45
kernel-results/SBQ_WAKE_BATCH/6.input.txt,3.009667,43
kernel-results/SBQ_WAKE_BATCH/7.input.txt,3.286667,43
kernel-results/SBQ_WAKE_BATCH/8.input.txt,3.117833,41
kernel-results/SHMEM_MAX_DQ_TIME/1.input.txt,2.288667,29
kernel-results/SHMEM_MAX_IQ_TIME/1.input.txt,2.238000,29
kernel-results/SHRINK_BATCH/1.input.txt,2.285167,29
kernel-results/SHRINK_BATCH/2.input.txt,2.366333,30
kernel-results/SHRINK_BATCH/3.input.txt,2.292000,30
kernel-results/SHRINK_DIVISOR/1.input.txt,2.227667,28
kernel-results/SMC_LGR_NUM_INCR/1.input.txt,2.848333,35
kernel-results/SMC_TX_WORK_DELAY/1.input.txt,2.234167,28
kernel-results/SMC_TX_WORK_DELAY/2.input.txt,2.166333,28
kernel-results/SYNC_SHRINK_BATCH/1.input.txt,2.222500,28
kernel-results/TCP_ATO_MIN/10.input.txt,2.195167,28
kernel-results/TCP_ATO_MIN/11.input.txt,2.228833,28
kernel-results/TCP_ATO_MIN/12.input.txt,2.189833,28
kernel-results/TCP_ATO_MIN/13.input.txt,3.744500,46
kernel-results/TCP_ATO_MIN/1.input.txt,6.770333,80
kernel-results/TCP_ATO_MIN/2.input.txt,2.197167,28
kernel-results/TCP_ATO_MIN/3.input.txt,2.182000,28
kernel-results/TCP_ATO_MIN/4.input.txt,2.198167,28
kernel-results/TCP_ATO_MIN/5.input.txt,2.552000,36
kernel-results/TCP_ATO_MIN/6.input.txt,2.345833,30
kernel-results/TCP_ATO_MIN/7.input.txt,2.726667,38
kernel-results/TCP_ATO_MIN/8.input.txt,2.192667,28
kernel-results/TCP_ATO_MIN/9.input.txt,2.197167,28
kernel-results/TCP_DELACK_MAX/1.input.txt,2.439500,32
kernel-results/TCP_DELACK_MAX/2.input.txt,2.315833,30
kernel-results/TCP_DELACK_MAX/3.input.txt,6.580333,81
kernel-results/TCP_DELACK_MAX/4.input.txt,2.165667,29
kernel-results/TCP_DELACK_MAX/5.input.txt,2.244500,29
kernel-results/TCP_DELACK_MAX/6.input.txt,2.363500,29
kernel-results/TCP_DELACK_MIN/1.input.txt,2.225667,28
kernel-results/TCP_DELACK_MIN/2.input.txt,2.356333,30
kernel-results/TCP_DELACK_MIN/3.input.txt,2.495167,34
kernel-results/TCP_INIT_CWND/10.input.txt,2.225167,28
kernel-results/TCP_INIT_CWND/11.input.txt,2.768000,38
kernel-results/TCP_INIT_CWND/12.input.txt,2.201500,28
kernel-results/TCP_INIT_CWND/13.input.txt,2.167833,28
kernel-results/TCP_INIT_CWND/14.input.txt,2.482833,33
kernel-results/TCP_INIT_CWND/1.input.txt,2.279667,29
kernel-results/TCP_INIT_CWND/2.input.txt,2.249167,29
kernel-results/TCP_INIT_CWND/3.input.txt,3.006833,42
kernel-results/TCP_INIT_CWND/4.input.txt,3.034000,42
kernel-results/TCP_INIT_CWND/5.input.txt,2.838333,39
kernel-results/TCP_INIT_CWND/6.input.txt,2.991500,42
kernel-results/TCP_INIT_CWND/7.input.txt,3.107333,43
kernel-results/TCP_INIT_CWND/8.input.txt,2.334667,30
kernel-results/TCP_INIT_CWND/9.input.txt,2.706500,38
kernel-results/TCP_MAX_QUICKACKS/1.input.txt,2.712667,38
kernel-results/TCP_MAX_QUICKACKS/2.input.txt,2.703000,38
kernel-results/TCP_MAX_QUICKACKS/3.input.txt,2.912833,38
kernel-results/TCP_MAX_QUICKACKS/4.input.txt,2.732833,38
kernel-results/TCP_MAX_QUICKACKS/5.input.txt,2.700333,38
kernel-results/TCP_MAX_WSCALE/10.input.txt,6.462167,93
kernel-results/TCP_MAX_WSCALE/11.input.txt,6.336667,91
kernel-results/TCP_MAX_WSCALE/12.input.txt,2.326167,30
kernel-results/TCP_MAX_WSCALE/13.input.txt,3.392333,48
kernel-results/TCP_MAX_WSCALE/14.input.txt,3.255333,46
kernel-results/TCP_MAX_WSCALE/15.input.txt,14.209667,211
kernel-results/TCP_MAX_WSCALE/16.input.txt,6.449500,88
kernel-results/TCP_MAX_WSCALE/1.input.txt,2.309167,30
kernel-results/TCP_MAX_WSCALE/2.input.txt,2.313500,30
kernel-results/TCP_MAX_WSCALE/3.input.txt,2.526000,34
kernel-results/TCP_MAX_WSCALE/4.input.txt,2.430333,32
kernel-results/TCP_MAX_WSCALE/5.input.txt,2.447000,32
kernel-results/TCP_MAX_WSCALE/6.input.txt,2.307500,30
kernel-results/TCP_MAX_WSCALE/7.input.txt,2.145000,28
kernel-results/TCP_MAX_WSCALE/8.input.txt,67.100000,867
kernel-results/TCP_MAX_WSCALE/9.input.txt,2.276167,30
kernel-results/TCP_PLB_SCALE/1.input.txt,2.478667,33
kernel-results/TCP_PLB_SCALE/2.input.txt,2.439500,29
kernel-results/TCP_RACK_RECOVERY_THRESH/1.input.txt,2.677833,34
kernel-results/TCP_RACK_RECOVERY_THRESH/2.input.txt,2.450667,34
kernel-results/TCP_RACK_RECOVERY_THRESH/3.input.txt,2.173000,28
kernel-results/TCP_THIN_LINEAR_RETRIES/1.input.txt,2.328167,30
kernel-results/TCP_TIMEOUT_MIN/1.input.txt,2.486000,30
kernel-results/TCP_TIMEOUT_MIN/2.input.txt,2.331167,30
kernel-results/TCP_TIMEOUT_MIN/3.input.txt,2.404667,29
kernel-results/TCP_TIMEOUT_MIN/4.input.txt,2.157000,29
kernel-results/TCP_TIMEOUT_MIN_US/1.input.txt,2.437000,31
kernel-results/TCP_TIMEOUT_MIN_US/2.input.txt,2.211500,28
kernel-results/WORKER_INIT_LIMIT/1.input.txt,2.458167,30
kernel-results/WORKER_INIT_LIMIT/2.input.txt,2.295667,30
kernel-results/XFS_DISCARD_MAX_EXAMINE/1.input.txt,2.508833,34
