Subsystem,File Path,Line Number,Type,Name,Value,Explanation
ipc,/home/spike/linux-6.14.7/ipc/util.h,29,macro,IPCMNI_SHIFT,15,,"1. **宏定义含义:**  
   `IPCMNI_SHIFT` 是一个位移量的宏定义，值为 `15`，通常用于定义 IPC（Inter-Process Communication）子系统中某些资源（如信号量、消息队列或共享内存段）的索引范围。具体来说，它与位运算结合使用，决定了 IPC 资源的最大数量或分配策略。例如，`1 << IPCMNI_SHIFT` 通常表示 IPC 资源的最大数量为 `2^15`（即 32768 个）。

2. **内核中作用:**  
   在 Linux 内核的 IPC 子系统中，`IPCMNI_SHIFT` 主要用于计算 IPC 资源的标识符（ID）或索引值。它影响 IPC 资源的命名空间大小和分配逻辑。例如，IPC 资源的 ID 通常由一个索引和一个生成号（sequence number）组合而成，而 `IPCMNI_SHIFT` 决定了索引部分的位宽，从而限制了可用的 IPC 资源数量。该宏的值直接影响 IPC 资源的管理效率和命名空间的容量。

3. **性能增益分析:**  
   修改 `IPCMNI_SHIFT` 的值可能带来性能增益，但需权衡以下因素：  
   - **增大值（如从 15 增加到 16 或更高）**：这会扩大 IPC 资源的命名空间（从 32768 增加到 65536 或更高），适合高并发场景或需要大量 IPC 资源的系统（如大型服务器或分布式系统）。然而，增大命名空间可能导致内核需要分配更多的内存来管理这些资源（如更大的 ID 表或位图），从而增加内存占用。  
   - **减小值（如从 15 减少到 14 或更低）**：这会缩小 IPC 资源的命名空间（从 32768 减少到 16384 或更低），可能减少内存开销，但会限制可用的 IPC 资源数量，不适合高并发或资源密集型场景。  

   总体而言，调整 `IPCMNI_SHIFT` 的值需要根据系统的实际"
ipc,/home/spike/linux-6.14.7/ipc/util.h,30,macro,IPCMNI_EXTEND_SHIFT,24,,"1. **宏定义含义:**  
   `IPCMNI_EXTEND_SHIFT` 是一个位移量宏，值为 `24`，通常用于位操作中，表示将某个值左移 24 位。它可能与 IPC（Inter-Process Communication）子系统中的标识符扩展或索引计算相关，用于生成或解析 IPC 对象的唯一标识符。

2. **内核中作用:**  
   在 Linux 内核的 IPC 子系统中，`IPCMNI_EXTEND_SHIFT` 可能与信号量、消息队列或共享内存的标识符管理有关。具体来说，它可能用于扩展 IPC 对象的标识符空间，将标识符分为高位和低位部分，以支持更大范围的对象数量或更高效的查找操作。通过位移操作，内核可以快速计算或解析 IPC 对象的索引和扩展字段。

3. **性能增益分析:**  
   修改 `IPCMNI_EXTEND_SHIFT` 的值可能影响 IPC 子系统的标识符空间大小和位操作效率。例如，增大该值（如从 24 改为 25 或更高）可以进一步扩展 IPC 对象的标识符范围，从而支持更多的 IPC 实例，这在高并发或大规模系统中可能带来性能增益。然而，这也会增加标识符解析的复杂度，可能导致额外的位操作开销。相反，减小该值可能减少标识符空间，降低系统的扩展性，但可能在小规模系统中略微提升性能。权衡点在于系统的实际需求：对于需要支持大量 IPC 对象的场景，增大该值可能是合理的；而在资源受限或小型嵌入式系统中，保持较小值可能更高效。"
ipc,/home/spike/linux-6.14.7/ipc/util.h,32,macro,IPCMNI,(1 << IPCMNI_SHIFT),,"1. **宏定义含义:**  
   宏 `IPCMNI` 定义了内核中 IPC (Inter-Process Communication) 资源的最大数量限制，其值由位移操作 `(1 << IPCMNI_SHIFT)` 计算得出，表示 IPC 资源（如信号量、消息队列和共享内存段）的编号空间大小。`IPCMNI_SHIFT` 是一个常量，通常定义为一个较小的整数（如 12 或 16），因此 `IPCMNI` 的值是 2 的幂次方，确保编号分配高效且易于管理。

2. **内核中作用:**  
   在内核的 IPC 子系统中，`IPCMNI` 决定了可以同时存在的 IPC 对象的最大数量。它被用作数组或哈希表的大小限制，用于存储 IPC 对象的元数据（如 `ipc_ids` 结构）。通过限制 IPC 对象的数量，内核可以有效管理资源分配，避免过多的 IPC 对象导致内存耗尽或性能下降。

3. **性能增益分析:**  
   修改 `IPCMNI` 的值可能带来性能增益，但需视具体场景而定：  
   - **增大 `IPCMNI` 的值：** 在需要大量 IPC 对象的高并发场景（如大型分布式系统或数据库服务器）中，增大 `IPCMNI` 可以减少因 IPC 编号空间不足导致的资源分配失败，从而提升系统的吞吐量。然而，这会增加内核中用于管理 IPC 对象的数组或哈希表的大小，可能导致内存占用增加和查找延迟略微上升。  
   - **减小 `IPCMNI` 的值：** 在资源受限的嵌入式系统中，减小 `IPCMNI` 可以减少内核的内存开销，但可能限制系统的并发能力，导致 IPC 资源不足的风险。  

   因此，调整 `IPCMNI` 的值需要权衡系统的内存资源、并发需求和性能目标，通常应根据具体工作负载进行测试和优化。"
ipc,/home/spike/linux-6.14.7/ipc/util.h,33,macro,IPCMNI_EXTEND,(1 << IPCMNI_EXTEND_SHIFT),,"1. **宏定义含义:**  
   宏 `IPCMNI_EXTEND` 定义了一个与 IPC（Inter-Process Communication）命名空间相关的扩展容量值，其值是通过位移操作 `(1 << IPCMNI_EXTEND_SHIFT)` 计算得出。这种位移操作通常用于高效地定义一个以 2 为底的幂值，具体大小由 `IPCMNI_EXTEND_SHIFT` 决定。它可能用于扩展 IPC 资源（如信号量、共享内存段或消息队列）的最大数量。

2. **内核中作用:**  
   在 Linux 内核的 IPC 子系统中，`IPCMNI_EXTEND` 可能用于定义 IPC 对象的最大索引范围或容量扩展因子。IPC 子系统需要管理多个对象（如信号量集或共享内存段），这些对象通常通过唯一的标识符（ID）进行索引。`IPCMNI_EXTEND` 的值可能影响这些 ID 的分配范围或扩展策略，从而决定内核能够支持的 IPC 对象的最大数量。

3. **性能增益分析:**  
   修改 `IPCMNI_EXTEND` 的值可能带来性能增益，具体取决于系统的 IPC 使用模式和负载场景：
   - **增益场景:** 如果系统中存在大量的 IPC 对象需求（如高并发的服务器应用程序），增大 `IPCMNI_EXTEND` 的值可以减少 ID 冲突和分配失败的概率，从而提升 IPC 子系统的可扩展性和性能。
   - **权衡分析:** 增大该值可能会导致内核分配更多的内存用于管理 IPC 对象的元数据（如 ID 映射表或哈希表），从而增加内存占用。此外，过大的值可能会对 IPC 对象的查找和管理操作（如哈希冲突处理）带来额外开销。因此，调整该值需要在内存占用和性能需求之间取得平衡。"
ipc,/home/spike/linux-6.14.7/ipc/util.h,41,macro,IPCMNI_IDX_MASK,((1 << ipc_mni_shift) - 1),,"1. **宏定义含义:**  
   `IPCMNI_IDX_MASK` 是一个位掩码宏，用于从 IPC 对象的标识符中提取索引部分。其值为 `(1 << ipc_mni_shift) - 1`，表示一个位宽为 `ipc_mni_shift` 的掩码，其中 `ipc_mni_shift` 是一个动态定义的位移量，通常与系统支持的 IPC 对象数量相关。该掩码的作用是限制索引的最大值为 `(2^ipc_mni_shift - 1)`，确保索引部分在合法范围内。

2. **内核中作用:**  
   在 Linux 内核的 IPC 子系统中，IPC 对象（如信号量、消息队列和共享内存）通过唯一的标识符进行管理。该标识符通常由索引和生成号组合而成。`IPCMNI_IDX_MASK` 用于从标识符中提取索引部分，以便快速定位 IPC 对象在内核数据结构中的位置。它在 IPC 资源分配、查找和释放过程中起到关键作用，确保操作的高效性和正确性。

3. **性能增益分析:**  
   修改 `IPCMNI_IDX_MASK` 的值（通过调整 `ipc_mni_shift`）可能带来性能增益，但需权衡以下因素：  
   - **场景:** 如果系统需要支持更多的 IPC 对象（例如高并发场景下的容器化部署），增大 `ipc_mni_shift` 可以扩展索引空间，减少哈希冲突，从而提升 IPC 对象查找的性能。  
   - **权衡:** 增大 `ipc_mni_shift` 会增加内核中用于存储 IPC 对象数据结构的内存开销，因为索引空间的增大通常伴随更大的数据表或数组。对于内存受限的嵌入式系统，这可能导致资源浪费。  
   - **最佳实践:** 在高性能服务器环境中，适当增大 `ipc_mni_shift`（例如从默认值 8 增加到 10 或 12）可以优化性能，但需要结合实际负载和内存容量进行调优。"
ipc,/home/spike/linux-6.14.7/ipc/util.h,48,macro,IPCMNI_IDX_MASK,((1 << IPCMNI_SHIFT) - 1),,"1. **宏定义含义:**  
   `IPCMNI_IDX_MASK` 是一个位掩码宏，用于从 IPC 对象的标识符中提取索引部分。其值通过 `(1 << IPCMNI_SHIFT) - 1` 计算，表示一个位宽为 `IPCMNI_SHIFT` 的掩码，其中低 `IPCMNI_SHIFT` 位为 1，高位为 0。该掩码通常用于限制或解析 IPC 资源的索引范围。

2. **内核中作用:**  
   在 Linux 内核的 IPC 子系统中，IPC 对象（如信号量、消息队列和共享内存段）通常通过一个唯一的标识符（ID）进行管理。这个 ID 通常由索引和生成号（sequence number）组成。`IPCMNI_IDX_MASK` 用于从 ID 中提取索引部分，以便快速定位 IPC 对象在内核数据结构（如数组或哈希表）中的位置。它确保索引操作的高效性，同时限制了可分配的 IPC 对象数量。

3. **性能增益分析:**  
   修改 `IPCMNI_SHIFT`（从而影响 `IPCMNI_IDX_MASK` 的值）可能会改变 IPC 子系统中可支持的最大 IPC 对象数量。如果增加 `IPCMNI_SHIFT` 的值（例如，从 15 位增加到 16 位），则可支持的 IPC 对象数量会增加，但这可能导致以下权衡：  
   - **性能增益:** 在高并发场景下，允许更多的 IPC 对象可能减少资源分配冲突，从而提高系统的吞吐量。  
   - **性能代价:** 增大索引范围可能增加内核中用于管理这些对象的内存开销（如数组或哈希表的大小），并可能导致缓存命中率下降，尤其是在低内存系统中。  
   因此，是否调整该宏的值需要根据具体的系统需求（如目标应用的 IPC 负载特性和硬件资源）进行权衡。"
ipc,/home/spike/linux-6.14.7/ipc/util.h,120,macro,"ipc_init_proc_interface(path, header, ids, show) do {} while (0)",,,"1. **宏定义含义:**  
   该宏 `ipc_init_proc_interface(path, header, ids, show)` 是一个空操作宏，其定义为 `do {} while (0)`，表示在代码中调用该宏时不会执行任何实际操作。这种定义通常用于条件编译，确保在某些配置或场景下，相关代码可以被安全地忽略，而不会引发编译错误。

2. **内核中作用:**  
   在 `ipc` 子系统中，该宏可能用于初始化与 `/proc` 文件系统相关的 IPC 调试或状态接口。然而，当前定义为空操作，表明在某些配置（例如禁用调试或特定功能裁剪）下，该功能被显式禁用。通过这种方式，内核可以避免不必要的代码生成，从而减少运行时开销或二进制大小。

3. **性能增益分析:**  
   修改该宏的值可能带来性能增益，但前提是它被重新定义为实际执行某些操作（如注册 `/proc` 接口）。在启用调试或监控功能的场景下，重新定义该宏可能会增加运行时开销，因为需要额外的资源来维护 `/proc` 接口的状态。然而，在生产环境中，保持该宏为空操作（即当前定义）是优化性能的最佳选择，因为它避免了不必要的初始化逻辑和运行时开销。这种权衡确保了调试功能的灵活性，同时在默认配置下保持性能最优。"
ipc,/home/spike/linux-6.14.7/ipc/util.h,125,macro,IPC_SHM_IDS,2,,"1. **宏定义含义:**  
   `IPC_SHM_IDS` 是一个与 System V 共享内存 (Shared Memory) 机制相关的宏，定义了共享内存段的标识符 (IDs) 的最小分配数量。它通常用于初始化共享内存段的 ID 数组大小或设置共享内存资源的最小限制。

2. **内核中作用:**  
   在 Linux 内核的 IPC 子系统中，`IPC_SHM_IDS` 决定了共享内存段的初始 ID 数组大小，影响共享内存段的管理和分配。该宏的值会影响共享内存段的最大数量上限，进而影响进程间通信的资源调度。具体来说，它可能在共享内存的创建、查找和销毁过程中被用作数组大小的基准值。

3. **性能增益分析:**  
   修改 `IPC_SHM_IDS` 的值可能会对性能产生影响，具体取决于系统的共享内存使用模式：  
   - **场景 1: 高并发共享内存分配**  
     如果系统中存在大量进程频繁创建和销毁共享内存段，增大 `IPC_SHM_IDS` 的值可以减少内核在分配 ID 数组时的动态扩展操作，从而降低分配开销，提高性能。  
   - **场景 2: 低共享内存需求**  
     在共享内存使用较少的场景下，过大的 `IPC_SHM_IDS` 值会导致内存浪费，因为内核需要为未使用的 ID 数组预留空间。  
   - **权衡分析:**  
     增大该值可以提升高负载场景下的性能，但会增加内存占用；减小该值则节省内存，但可能导致频繁的动态扩展，增加分配延迟。因此，调整该宏的值需要根据系统的实际共享内存使用模式进行权衡。"
ipc,/home/spike/linux-6.14.7/ipc/mqueue.c,51,macro,MQUEUE_MAGIC,0x19800202,,"1. **宏定义含义:**  
   `MQUEUE_MAGIC` 是一个标识符，用于唯一标记 POSIX 消息队列（Message Queue）相关的数据结构或对象的合法性。其值 `0x19800202` 是一个 32 位的魔数，通常用于调试和验证内核中消息队列对象的完整性，防止非法访问或数据损坏。

2. **内核中作用:**  
   在 Linux 内核的 `ipc` 子系统中，`MQUEUE_MAGIC` 主要用于消息队列的内部一致性检查。例如，当内核操作某个消息队列对象时，会通过检查该对象的魔数字段是否等于 `MQUEUE_MAGIC` 来验证其合法性。这种机制能够有效防止因内存损坏或非法指针导致的未定义行为。它还可能在调试过程中帮助开发者快速定位问题。

3. **性能增益分析:**  
   修改 `MQUEUE_MAGIC` 的值本身不会直接带来性能增益，因为它仅用于一致性检查，与运行时性能无关。然而，在特定场景下，如果完全移除魔数检查（例如在一个经过严格验证的嵌入式系统中），可能会略微减少运行时的指令开销，从而提高性能。但这种优化是以牺牲健壮性为代价的，可能导致难以调试的错误。因此，除非在极端性能敏感的场景下（如实时系统中消息队列的高频操作），不建议修改或移除该宏的相关检查逻辑。"
ipc,/home/spike/linux-6.14.7/ipc/mqueue.c,52,macro,DIRENT_SIZE,20,,"1. **宏定义含义:**  
   `DIRENT_SIZE` 是一个宏定义，值为 `20`，通常用于表示目录项（directory entry）的固定大小或与目录项相关的某种数据结构的大小。在此上下文中，它可能与消息队列（mqueue）子系统中某些数据结构的内存布局或对齐要求有关。

2. **内核中作用:**  
   在 `/ipc/mqueue.c` 文件中，`DIRENT_SIZE` 可能用于计算或分配与消息队列相关的目录项或元数据的内存空间。消息队列是进程间通信（IPC）的一种机制，涉及到目录项的操作可能与消息队列的管理（如创建、删除或枚举队列）有关。该宏的值可能影响内核在处理消息队列时的内存分配策略。

3. **性能增益分析:**  
   修改 `DIRENT_SIZE` 的值可能会影响内存对齐和缓存命中率。如果增大该值（例如从 `20` 增加到更大的对齐边界，如 `32` 或 `64`），可能会改善缓存对齐性能，从而在高频访问目录项的场景下提升性能。然而，这也会增加内存使用量，尤其是在大量消息队列存在时，可能导致内存浪费。相反，减小该值可能节省内存，但可能导致非对齐访问，从而降低性能。因此，是否调整该值需要根据具体的使用场景（如消息队列的数量、访问频率和系统内存压力）进行权衡。"
ipc,/home/spike/linux-6.14.7/ipc/mqueue.c,53,macro,FILENT_SIZE,80,,"1. **宏定义含义:**  
   `FILENT_SIZE` 是一个宏定义，表示消息队列中单个消息的固定条目大小，单位通常是字节。在消息队列的实现中，它可能用于定义消息缓冲区的结构大小或消息存储的最小单位。

2. **内核中作用:**  
   在 `/ipc/mqueue.c` 文件中，`FILENT_SIZE` 可能用于定义 POSIX 消息队列的消息条目结构的大小，影响消息队列的内存分配和管理。它可能与消息队列的容量计算、内存对齐以及消息存储的效率密切相关。通过该宏，内核可以确保消息队列的条目大小是固定的，从而简化内存管理逻辑。

3. **性能增益分析:**  
   修改 `FILENT_SIZE` 的值可能会影响消息队列的性能：  
   - **增大值 (例如从 80 增加到 128):**  
     增大条目大小可以减少消息队列中条目的分配次数，从而降低内存分配的频率和开销。这在消息内容较大或消息传输频繁的场景下可能带来性能增益。然而，增大条目大小会导致内存浪费，特别是在消息内容较小时，可能会增加内存碎片。  
   - **减小值 (例如从 80 减少到 64):**  
     减小条目大小可以提高内存利用率，尤其是在消息内容较小的场景下。然而，这可能会增加内核分配和管理条目的开销，导致性能下降。  

   因此，`FILENT_SIZE` 的值需要根据目标系统的消息队列使用模式进行权衡。如果系统主要处理小型消息，减小值可能更高效；如果系统处理大型消息或高频消息，增大值可能更合适。"
ipc,/home/spike/linux-6.14.7/ipc/msg.c,95,macro,SEARCH_EQUAL,2,,"1. **宏定义含义:**  
   宏 `SEARCH_EQUAL` 定义为值 `2`，通常用于表示一种特定的搜索模式或匹配条件。在内核的 `ipc/msg.c` 文件中，它可能与消息队列的查找操作相关，表示在消息队列中查找与某个条件完全匹配的消息。

2. **内核中作用:**  
   在 `ipc` 子系统中，消息队列是进程间通信（IPC）的重要机制。`SEARCH_EQUAL` 可能被用作标志，指示在执行消息查找时需要匹配特定的条件（如消息类型或标识符）。它通常与其他搜索模式（如 `SEARCH_GREATER` 或 `SEARCH_LESS`）配合使用，以实现灵活的消息检索逻辑。

3. **性能增益分析:**  
   修改 `SEARCH_EQUAL` 的值本身通常不会直接影响性能，因为它仅是一个标志值。然而，若内核中与该宏相关的逻辑（如消息队列的查找算法）被优化，则可能带来性能增益。例如，在高并发场景下，如果消息队列的查找操作能够通过更高效的数据结构（如哈希表）或算法（如二分查找）实现，则 `SEARCH_EQUAL` 的匹配效率会显著提升。权衡在于，优化查找逻辑可能增加代码复杂性或内存占用，因此需要根据具体应用场景和系统资源进行评估。"
ipc,/home/spike/linux-6.14.7/ipc/msg.c,96,macro,SEARCH_NOTEQUAL,3,,"1. **宏定义含义:**  
   `SEARCH_NOTEQUAL` 是一个用于标识搜索操作行为的宏，值为 `3`。在上下文中，它可能用于指定在消息队列或共享内存操作中执行“查找不等于某个条件”的搜索逻辑。其值 `3` 通常是为了与其他搜索模式（如 `SEARCH_EQUAL` 或 `SEARCH_GREATER`）进行区分。

2. **内核中作用:**  
   在 `/ipc/msg.c` 文件中，`SEARCH_NOTEQUAL` 可能用于消息队列的检索逻辑，特别是在用户进程通过 `msgrcv` 等系统调用从消息队列中读取消息时，指定搜索条件为“查找与某个消息类型不相等的消息”。该宏的作用是为搜索算法提供一种条件分支，确保内核能够根据用户需求高效地筛选消息。

3. **性能增益分析:**  
   修改 `SEARCH_NOTEQUAL` 的值本身通常不会直接影响性能，因为它仅是一个标识符，实际性能取决于搜索算法的实现。然而，在特定场景下，如果搜索逻辑的实现对标识符值存在分支优化（如通过 switch-case 或查表方式处理），调整该值可能会影响分支预测的效率。  
   性能增益的关键在于搜索算法的优化：  
   - **场景1:** 如果消息队列中消息数量较多且大部分消息类型相等，优化搜索算法以减少无效比较次数（如跳过连续相等的块）可能带来显著性能提升。  
   - **场景2:** 如果搜索条件频繁切换，确保标识符值分布有利于 CPU 分支预测（如值连续性）可能间接提升性能。  
   权衡在于，过度优化特定场景可能导致代码复杂度增加，降低可维护性。"
ipc,/home/spike/linux-6.14.7/ipc/msg.c,97,macro,SEARCH_LESSEQUAL,4,,"1. **宏定义含义:**  
   宏 `SEARCH_LESSEQUAL` 的值为 `4`，通常用于定义一种搜索模式或标志，表示在某些数据结构中执行“查找小于或等于指定值”的操作。它可能与其他搜索模式（如精确匹配或大于等于）一起使用，以提高代码的可读性和功能的可配置性。

2. **内核中作用:**  
   在 `/ipc/msg.c` 文件中，`SEARCH_LESSEQUAL` 可能与 System V 消息队列的操作相关。消息队列允许进程间通信，而消息的接收通常需要根据特定的条件（如消息类型）进行筛选。`SEARCH_LESSEQUAL` 很可能用于实现一种消息检索策略，允许接收小于或等于某个消息类型的消息。这种机制为用户提供了灵活性，支持更复杂的消息过滤逻辑。

3. **性能增益分析:**  
   修改 `SEARCH_LESSEQUAL` 的值本身不会直接影响性能，因为它仅是一个标志值，实际性能取决于使用该标志的代码逻辑。然而，优化与之相关的搜索算法可能带来性能增益。例如，如果消息队列中存储的消息数量较多且分布不均，使用高效的数据结构（如平衡树或哈希表）来支持“查找小于或等于”的操作，可以显著减少搜索时间。权衡在于，复杂数据结构可能增加内存开销或插入操作的延迟，因此需要根据消息队列的使用模式（如消息的频繁插入与检索比例）进行权衡设计。"
ipc,/home/spike/linux-6.14.7/ipc/msg.c,98,macro,SEARCH_NUMBER,5,,"1. **宏定义含义:**  
   `SEARCH_NUMBER` 是一个简单的数值宏，定义为 `5`，通常用于控制循环次数或限制某种操作的迭代深度。在 `ipc/msg.c` 文件中，它可能与消息队列的查找、遍历或某种搜索逻辑相关联。

2. **内核中作用:**  
   在 `ipc` 子系统中，消息队列是进程间通信（IPC）的重要机制。`SEARCH_NUMBER` 很可能用于限制在消息队列中查找或匹配消息的最大尝试次数，以避免过长的搜索时间或资源消耗。它可能与消息优先级、队列长度或特定匹配条件的搜索逻辑直接相关。

3. **性能增益分析:**  
   修改 `SEARCH_NUMBER` 的值可能会影响消息队列的查找性能：  
   - **增大值（如从 5 改为 10）**：在消息队列较长且匹配条件复杂的场景下，增大搜索深度可能提高匹配成功率，从而减少消息丢失或延迟。但这会增加每次查找的时间复杂度，可能导致高负载下的性能下降。  
   - **减小值（如从 5 改为 3）**：在高并发场景下，减小搜索深度可以降低单次查找的开销，从而提高系统的整体吞吐量，但可能导致匹配失败率上升，增加消息重试的频率。  
   因此，`SEARCH_NUMBER` 的值需要根据系统的消息队列长度分布、消息匹配复杂度以及目标工作负载（如低延迟 vs 高吞吐）进行权衡。"
ipc,/home/spike/linux-6.14.7/ipc/shm.c,81,macro,SHM_DEST,01000	/* segment will be destroyed on last detach */,,"1. **宏定义含义:**  
   `SHM_DEST` 是一个标志位宏，值为 `01000`，用于标识共享内存段（shared memory segment）在最后一个进程分离（detach）后应被销毁。这是 System V IPC 共享内存机制中的一个控制标志，表明该内存段的生命周期与其最后一个使用者绑定。

2. **内核中作用:**  
   在内核的 IPC 子系统中，`SHM_DEST` 被用作共享内存段的状态标志。它通常与共享内存段的元数据（如 `shm_perm` 结构）相关联。当一个进程调用 `shmdt()` 分离共享内存段时，内核会检查该标志。如果标志被设置且没有其他进程附加到该段，内核会释放该段的资源并将其从系统中移除。这种机制确保了资源的自动清理，避免了孤立的共享内存段长期占用内存。

3. **性能增益分析:**  
   修改 `SHM_DEST` 的值本身不会直接带来性能增益，因为它仅是一个标志位的定义，影响的是逻辑行为而非性能。然而，在特定场景下，合理使用该标志可以间接优化系统性能。例如：

   - **场景:** 在高并发环境中，如果共享内存段的生命周期管理不当，可能导致内存泄漏或资源长期占用。启用 `SHM_DEST` 标志可以确保资源在最后一个使用者分离后立即释放，从而减少内存碎片和资源占用。
   - **权衡:** 频繁创建和销毁共享内存段可能增加内核的管理开销（如页表更新和锁竞争）。因此，在需要频繁附加和分离的场景下，使用 `SHM_DEST` 可能导致性能下降。权衡点在于共享内存段的生命周期管理是否需要自动化，以及系统资源是否紧张。

综上，`SHM_DEST` 的性能影响取决于具体使用场景和系统负载，合理配置和使用该标志是关键。"
ipc,/home/spike/linux-6.14.7/ipc/shm.c,82,macro,SHM_LOCKED,02000   /* segment will not be swapped */,,"1. **宏定义含义:**  
   `SHM_LOCKED` 是一个标志位，用于表示共享内存段（shared memory segment）被锁定在物理内存中，禁止被交换（swapped out）到磁盘。其值 `02000` 是一个八进制数，通常与其他标志组合使用以控制共享内存段的行为。

2. **内核中作用:**  
   在 Linux 内核的 IPC（进程间通信）子系统中，`SHM_LOCKED` 标志用于设置共享内存段的属性。当一个共享内存段被标记为 `SHM_LOCKED` 时，内核会确保该段始终驻留在物理内存中，而不会因内存压力或其他原因将其换出到交换空间（swap）。这在需要低延迟访问共享内存的场景中尤为重要，例如实时系统或高性能计算应用。

3. **性能增益分析:**  
   修改 `SHM_LOCKED` 的值本身不会直接带来性能增益，但其使用场景可能对性能产生显著影响。在以下特定场景下，启用 `SHM_LOCKED` 标志可能提升性能：  
   - **低延迟需求:** 在实时系统或需要快速访问共享内存的场景中，避免内存段被换出可以减少访问延迟。  
   - **高频访问:** 如果共享内存段被频繁访问，锁定内存可以避免频繁的换入换出操作，从而降低 CPU 和 I/O 的开销。  

   然而，这种优化也有权衡：  
   - **内存占用:** 锁定内存会减少系统可用的物理内存，可能导致其他进程的内存压力增加。  
   - **系统稳定性:** 在内存资源有限的系统中，过多使用 `SHM_LOCKED` 可能导致内存分配失败或系统性能下降。  

   因此，`SHM_LOCKED` 的使用应根据具体场景权衡性能需求与内存资源分配的平衡。"
ipc,/home/spike/linux-6.14.7/ipc/shm.c,1847,macro,SIZE_SPEC,"""%10lu""",,"1. **宏定义含义:**  
   宏 `SIZE_SPEC` 定义了一个格式化字符串 `""%10lu""`，用于以宽度为10的无符号长整型（`unsigned long`）格式化输出数据。这里的`lu`表示无符号长整型，`10`表示输出宽度至少为10个字符，若数据不足10位则左侧填充空格。

2. **内核中作用:**  
   在 `/ipc/shm.c` 文件中，`SIZE_SPEC` 很可能用于共享内存（Shared Memory）相关的调试信息或统计数据的格式化输出。例如，在 `/proc` 文件系统中显示共享内存段的大小、使用情况等信息时，`SIZE_SPEC` 提供了一致的输出格式，便于用户或工具解析这些数据。它确保输出对齐，提升可读性，尤其是在列式数据展示中。

3. **性能增益分析:**  
   修改 `SIZE_SPEC` 的值通常不会直接影响内核性能，因为它主要影响输出的格式化行为，而非核心逻辑的执行效率。然而，在特定场景下，例如频繁生成和输出大量共享内存统计信息时，格式化操作可能对性能有轻微影响。如果将宽度从`10`改为更小的值（如`""%lu""`），可以减少格式化操作的复杂度和输出字符数，从而在极端高频率的输出场景下略微降低CPU开销和I/O负载。然而，这种优化的收益微乎其微，且可能导致输出对齐问题，降低数据的可读性。因此，权衡上更倾向于保持当前定义，除非有明确的性能瓶颈与输出需求冲突。"
ipc,/home/spike/linux-6.14.7/ipc/shm.c,1849,macro,SIZE_SPEC,"""%21lu""",,"1. **宏定义含义:**  
   宏 `SIZE_SPEC` 定义为格式化字符串 `""%21lu""`，用于指定以无符号长整型（`unsigned long`）格式化输出，占据21个字符宽度，右对齐，左侧填充空格。这通常用于对齐输出，确保格式化输出的列宽一致。

2. **内核中作用:**  
   在 `/ipc/shm.c` 文件中，`SIZE_SPEC` 可能用于共享内存（Shared Memory）相关的调试信息或 `/proc` 文件系统的输出格式化。例如，显示共享内存段的大小或其他统计信息时，确保输出对齐，便于人类阅读和解析。这种宏定义的使用提高了代码的可读性和维护性，避免硬编码格式字符串。

3. **性能增益分析:**  
   修改 `SIZE_SPEC` 的值本身不会直接影响内核性能，因为它主要用于格式化输出，属于 I/O 操作的用户态交互部分。然而，在极端情况下（如频繁调用格式化输出函数，或输出内容非常庞大），缩短宽度（例如从 `21` 减少到 `10`）可能略微减少字符串处理的开销，从而提升性能。但这种优化的收益微乎其微，且可能导致输出对齐问题，影响可读性。因此，权衡上更应关注输出的可维护性和一致性，而非微小的性能增益。"
ipc,/home/spike/linux-6.14.7/ipc/sem.c,177,macro,SEMMSL_FAST,256 /* 512 bytes on stack */,,"1. **宏定义含义:**  
   `SEMMSL_FAST` 是一个定义在 Linux 内核 IPC（进程间通信）子系统中的宏，具体用于信号量（semaphore）实现。它的值为 256，注释表明这是为了在栈上分配 512 字节的空间。该宏通常表示快速路径（fast path）优化中信号量集（semaphore set）中单个信号量的最大数量限制。

2. **内核中作用:**  
   在 `/ipc/sem.c` 文件中，`SEMMSL_FAST` 用于优化信号量操作的性能。当信号量集的大小小于或等于 `SEMMSL_FAST`，内核可以在栈上分配相关数据结构，避免使用动态内存分配（如 `kmalloc` 或 `vmalloc`）。这种优化减少了内存分配的开销，并提高了信号量操作的效率，特别是在频繁使用小型信号量集的场景下。

3. **性能增益分析:**  
   修改 `SEMMSL_FAST` 的值可能带来性能增益，但需视具体场景而定：
   - **增大值（如 512 或更高）:** 如果系统中频繁使用较大的信号量集（大于 256），增大该值可以减少动态内存分配的次数，从而提升性能。然而，这会增加栈空间的使用，可能导致栈溢出风险，特别是在嵌套调用较深的代码路径中。
   - **减小值（如 128 或更低）:** 如果信号量集通常较小，减小该值可以节省栈空间，但可能增加动态内存分配的频率，导致性能下降。
   - **权衡:** 该值的选择应基于目标系统的典型工作负载和栈空间限制。对于嵌入式系统或栈空间较小的环境，可能需要更保守的值；而对于服务器或高性能计算场景，增大该值可能更有利。"
ipc,/home/spike/linux-6.14.7/ipc/sem.c,178,macro,SEMOPM_FAST,64  /* ~ 372 bytes on stack */,,"1. **宏定义含义:**  
   `SEMOPM_FAST` 是一个与 System V 信号量操作相关的宏，定义了单次信号量操作（`semop` 系统调用）中允许的最大操作数目。其值为 64，表示在一次调用中最多可以处理 64 个信号量操作。注释中的 `~ 372 bytes on stack` 提示了与此宏相关的栈内存使用量，表明每次调用会在栈上分配大约 372 字节的空间用于存储这些操作。

2. **内核中作用:**  
   在内核的 `ipc` 子系统中，`SEMOPM_FAST` 用于优化信号量操作的性能。它定义了一个合理的默认值，确保在大多数常见场景下，信号量操作能够快速完成而无需额外的动态内存分配。若操作数目超过该值，内核可能需要分配额外的内存（例如通过 `kmalloc`），从而增加开销。该宏的存在旨在平衡性能与栈内存使用之间的关系。

3. **性能增益分析:**  
   修改 `SEMOPM_FAST` 的值可能带来性能增益，但需视具体场景而定：  
   - **增大值（>64）:** 如果用户态程序频繁发起包含大量信号量操作的 `semop` 调用，增大该值可以减少动态内存分配的频率，从而提升性能。然而，这会增加栈内存的使用量，可能导致栈溢出风险，尤其是在内核栈较小的体系结构（如 x86）。  
   - **减小值（<64）:** 在内存受限或栈空间紧张的系统中，减小该值可以降低栈内存压力，但可能导致频繁的动态内存分配，反而增加性能开销。  

   **权衡:**  
   - 对于嵌入式系统或栈空间有限的架构，可能需要调整为更小的值以避免栈溢出。  
   - 对于服务器或高性能系统，增大该值可能更适合，以减少动态内存"
ipc,/home/spike/linux-6.14.7/ipc/sem.c,185,macro,USE_GLOBAL_LOCK_HYSTERESIS,10,,"1. **宏定义含义:**  
   `USE_GLOBAL_LOCK_HYSTERESIS` 是一个用于控制全局锁退避（hysteresis）机制的宏，值为 `10`，通常表示在某些竞争条件下，线程在尝试获取全局锁失败后需要等待的时间或重试次数。它可能用于调节信号量子系统中全局锁的竞争策略，以减少锁争用导致的性能瓶颈。

2. **内核中作用:**  
   在 `/ipc/sem.c` 文件中，该宏可能与信号量（semaphore）实现的全局锁管理相关，特别是在高并发场景下的锁竞争控制。全局锁退避机制通过引入延迟或限制重试频率，避免线程频繁争夺锁资源，从而减少锁竞争对系统性能的负面影响。该宏的值可能被用作一个阈值或计数器，决定线程在锁争用失败后的等待策略。

3. **性能增益分析:**  
   修改 `USE_GLOBAL_LOCK_HYSTERESIS` 的值可能对性能产生影响，具体取决于系统的并发负载模式：  
   - **增大值（>10）:** 在高并发场景下，增大该值可以减少线程频繁争夺全局锁的开销，从而降低锁竞争对性能的影响。然而，这可能导致线程等待时间增加，延迟任务的完成时间，尤其是在锁争用较低的情况下。  
   - **减小值（<10）:** 在锁争用较低的场景下，减小该值可以减少线程的等待时间，从而提高任务的响应速度。然而，在高并发场景下，这可能导致锁争用加剧，反而降低整体性能。  

   因此，最佳值的选择需要根据系统的实际负载模式进行调优。例如，在数据库或消息队列等高并发 IPC 场景下，适当增大该值可能带来性能增益，而在低并发或实时性要求较高的场景下，较小的值可能更合适。"
ipc,/home/spike/linux-6.14.7/ipc/sem.c,381,macro,SEM_GLOBAL_LOCK,(-1),,"1. **宏定义含义:**  
   `SEM_GLOBAL_LOCK` 被定义为 `(-1)`，通常表示一个特殊的标志值，用于在信号量（semaphore）子系统中标识全局锁的状态或操作。它可能被用作一个特殊的标志值，指示需要对整个信号量系统进行全局同步，而不是针对某个特定信号量。

2. **内核中作用:**  
   在 `/ipc/sem.c` 文件中，`SEM_GLOBAL_LOCK` 的主要作用是协调信号量子系统中的全局锁定机制。当多个进程或线程试图访问或修改信号量资源时，可能需要全局锁来确保一致性和避免竞争条件。`SEM_GLOBAL_LOCK` 可能被用作标志值，触发对全局信号量表的保护，防止并发访问导致数据损坏或死锁。

3. **性能增益分析:**  
   修改 `SEM_GLOBAL_LOCK` 的值本身通常不会直接带来性能增益，因为它是一个逻辑标志值，主要用于控制逻辑流。然而，在特定场景下，如果全局锁的使用频率较高（例如，大量进程频繁争用信号量资源），全局锁可能成为性能瓶颈。  
   为了优化性能，可以考虑以下权衡：  
   - **减少全局锁的使用频率：** 通过引入更细粒度的锁（如针对单个信号量的局部锁），可以减少对全局锁的依赖，从而降低锁争用的开销。  
   - **优化锁实现：** 如果全局锁是基于自旋锁实现的，可以考虑在高竞争场景下使用睡眠锁（如 mutex）来减少 CPU 空转。  
   - **特定场景优化：** 在高并发场景下，避免频繁触发全局锁的操作（如批量信号量更新）可能带来显著的性能提升。  

   需要注意的是，减少全局锁的使用可能会增加代码复杂性，并引入新的竞争条件，因此必须在一致性和性能之间找到平衡点。"
