Subsystem,File Path,Line Number,Type,Name,Value,Description
mm,/home/spike/linux-6.14.7/mm/oom_kill.c,611,macro,MAX_OOM_REAP_RETRIES,10,
mm,/home/spike/linux-6.14.7/mm/oom_kill.c,694,macro,OOM_REAPER_DELAY,(2*HZ),
mm,/home/spike/linux-6.14.7/mm/memfd.c,30,macro,LAST_SCAN,4       /* about 150ms max */,
mm,/home/spike/linux-6.14.7/mm/memfd.c,302,macro,MFD_NAME_PREFIX_LEN,(sizeof(MFD_NAME_PREFIX) - 1),
mm,/home/spike/linux-6.14.7/mm/debug_vm_pgtable.c,11,macro,pr_fmt(fmt),"""debug_vm_pgtable: [%-25s]: "" fmt, __func__",
mm,/home/spike/linux-6.14.7/mm/hugetlb_vmemmap.c,245,macro,NR_RESET_STRUCT_PAGE,3,
mm,/home/spike/linux-6.14.7/mm/highmem.c,159,macro,lock_kmap_any(flags)     do { spin_lock(&kmap_lock); (void)(flags); } while (0),,
mm,/home/spike/linux-6.14.7/mm/highmem.c,161,macro,unlock_kmap_any(flags)   do { spin_unlock(&kmap_lock); (void)(flags); } while (0),,
mm,/home/spike/linux-6.14.7/mm/highmem.c,721,macro,PA_HASH_ORDER,7,
mm,/home/spike/linux-6.14.7/mm/zbud.c,68,macro,NCHUNKS_ORDER,6,
mm,/home/spike/linux-6.14.7/mm/zbud.c,71,macro,CHUNK_SIZE,(1 << CHUNK_SHIFT),
mm,/home/spike/linux-6.14.7/mm/percpu-stats.c,19,macro,"P(X, Y)  seq_printf(m, ""  %-20s: %12lld\n"", X, (long long int)Y)",,
mm,/home/spike/linux-6.14.7/mm/percpu-stats.c,160,macro,"PL(X)								 seq_printf(m, ""  %-20s: %12lld\n"", #X, (long long int)pcpu_stats_ai.X)",,
mm,/home/spike/linux-6.14.7/mm/percpu-stats.c,177,macro,"PU(X)  seq_printf(m, ""  %-20s: %12llu\n"", #X, (unsigned long long)pcpu_stats.X)",,
mm,/home/spike/linux-6.14.7/mm/shmem.c,89,macro,BLOCKS_PER_PAGE,(PAGE_SIZE/512),
mm,/home/spike/linux-6.14.7/mm/shmem.c,93,macro,BOGO_DIRENT_SIZE,20,
mm,/home/spike/linux-6.14.7/mm/shmem.c,96,macro,BOGO_INODE_SIZE,1024,
mm,/home/spike/linux-6.14.7/mm/shmem.c,99,macro,SHORT_SYMLINK_LEN,128,
mm,/home/spike/linux-6.14.7/mm/shmem.c,132,macro,SHMEM_SEEN_INODES,2,
mm,/home/spike/linux-6.14.7/mm/shmem.c,133,macro,SHMEM_SEEN_HUGE,4,
mm,/home/spike/linux-6.14.7/mm/shmem.c,134,macro,SHMEM_SEEN_INUMS,8,
mm,/home/spike/linux-6.14.7/mm/shmem.c,135,macro,SHMEM_SEEN_NOSWAP,16,
mm,/home/spike/linux-6.14.7/mm/shmem.c,136,macro,SHMEM_SEEN_QUOTA,32,
mm,/home/spike/linux-6.14.7/mm/shmem.c,348,macro,SHMEM_INO_BATCH,1024,
mm,/home/spike/linux-6.14.7/mm/shmem.c,536,macro,SHMEM_HUGE_WITHIN_SIZE,2,
mm,/home/spike/linux-6.14.7/mm/shmem.c,537,macro,SHMEM_HUGE_ADVISE,3,
mm,/home/spike/linux-6.14.7/mm/shmem.c,549,macro,SHMEM_HUGE_DENY,(-1),
mm,/home/spike/linux-6.14.7/mm/shmem.c,550,macro,SHMEM_HUGE_FORCE,(-2),
mm,/home/spike/linux-6.14.7/mm/shmem.c,5360,macro,"TMPFS_ATTR_W(_name, _store)				 	static struct kobj_attribute tmpfs_attr_##_name =	 __INIT_KOBJ_ATTR(_name, 0200, NULL, _store)",,
mm,/home/spike/linux-6.14.7/mm/shmem.c,5364,macro,"TMPFS_ATTR_RW(_name, _show, _store)			 	static struct kobj_attribute tmpfs_attr_##_name =	 __INIT_KOBJ_ATTR(_name, 0644, _show, _store)",,
mm,/home/spike/linux-6.14.7/mm/shmem.c,5368,macro,"TMPFS_ATTR_RO(_name, _show)				 	static struct kobj_attribute tmpfs_attr_##_name =	 __INIT_KOBJ_ATTR(_name, 0444, _show, NULL)",,
mm,/home/spike/linux-6.14.7/mm/shmem.c,5798,macro,"shmem_acct_size(flags, size)",0,
mm,/home/spike/linux-6.14.7/mm/shmem.c,5799,macro,"shmem_unacct_size(flags, size)		do {} while (0)",,
mm,/home/spike/linux-6.14.7/mm/madvise.c,44,macro,MAX_MADVISE_GUARD_RETRIES,3,
mm,/home/spike/linux-6.14.7/mm/mmu_gather.c,99,macro,MAX_NR_FOLIOS_PER_FREE,512,
mm,/home/spike/linux-6.14.7/mm/swap_cgroup.c,13,macro,ID_MASK,(BIT(ID_SHIFT) - 1),
mm,/home/spike/linux-6.14.7/mm/filemap.c,1071,macro,PAGE_WAIT_TABLE_BITS,8,
mm,/home/spike/linux-6.14.7/mm/filemap.c,1072,macro,PAGE_WAIT_TABLE_SIZE,(1 << PAGE_WAIT_TABLE_BITS),
mm,/home/spike/linux-6.14.7/mm/page-writeback.c,48,macro,MAX_PAUSE,"max(HZ/5, 1)",
mm,/home/spike/linux-6.14.7/mm/page-writeback.c,54,macro,DIRTY_POLL_THRESH,(128 >> (PAGE_SHIFT - 10)),
mm,/home/spike/linux-6.14.7/mm/page-writeback.c,59,macro,BANDWIDTH_INTERVAL,"max(HZ/5, 1)",
mm,/home/spike/linux-6.14.7/mm/page-writeback.c,61,macro,RATELIMIT_CALC_SHIFT,10,
mm,/home/spike/linux-6.14.7/mm/page-writeback.c,128,macro,VM_COMPLETIONS_PERIOD_LEN,(3*HZ),
mm,/home/spike/linux-6.14.7/mm/vma.h,145,macro,validate_mm(mm) do { } while (0),,
mm,/home/spike/linux-6.14.7/mm/gup_test.h,17,macro,GUP_TEST_MAX_PAGES_TO_DUMP,8,
mm,/home/spike/linux-6.14.7/mm/gup_test.h,37,macro,PIN_LONGTERM_TEST_FLAG_USE_FAST,2,
mm,/home/spike/linux-6.14.7/mm/pgalloc-track.h,46,macro,"pte_alloc_kernel_track(pmd, address, mask)			 	((unlikely(pmd_none(*(pmd))) &&					 	  (__pte_alloc_kernel(pmd) || ({*(mask)|=PGTBL_PMD_MODIFIED;0;})))? NULL: pte_offset_kernel(pmd, address))",,
mm,/home/spike/linux-6.14.7/mm/vmstat.c,1169,macro,TEXT_FOR_DMA32(xx),"xx ""_dma32"",",
mm,/home/spike/linux-6.14.7/mm/vmstat.c,1171,macro,TEXT_FOR_DMA32(xx),,
mm,/home/spike/linux-6.14.7/mm/vmstat.c,1186,macro,"TEXTS_FOR_ZONES(xx) TEXT_FOR_DMA(xx) TEXT_FOR_DMA32(xx) xx ""_normal"",  					TEXT_FOR_HIGHMEM(xx) xx ""_movable"",  TEXT_FOR_DEVICE(xx)",,
mm,/home/spike/linux-6.14.7/mm/vmstat.c,1846,macro,NR_VMSTAT_ITEMS,(NR_VM_ZONE_STAT_ITEMS +  			 NR_VM_NUMA_EVENT_ITEMS +  			 NR_VM_NODE_STAT_ITEMS +  			 NR_VM_STAT_ITEMS +  			 (IS_ENABLED(CONFIG_VM_EVENT_COUNTERS) ?  NR_VM_EVENT_ITEMS : 0)),
mm,/home/spike/linux-6.14.7/mm/vmalloc.c,864,macro,MAX_VA_SIZE_PAGES,256,
mm,/home/spike/linux-6.14.7/mm/vmalloc.c,2467,macro,VMALLOC_SPACE,(128UL*1024*1024),
mm,/home/spike/linux-6.14.7/mm/vmalloc.c,2469,macro,VMALLOC_SPACE,(128UL*1024*1024*1024),
mm,/home/spike/linux-6.14.7/mm/vmalloc.c,2473,macro,VMAP_MAX_ALLOC,BITS_PER_LONG	/* 256K with 4K pages */,
mm,/home/spike/linux-6.14.7/mm/vmalloc.c,2474,macro,VMAP_BBMAP_BITS_MAX,1024	/* 4MB with 4K pages */,
mm,/home/spike/linux-6.14.7/mm/vmalloc.c,2475,macro,VMAP_BBMAP_BITS_MIN,(VMAP_MAX_ALLOC*2),
mm,/home/spike/linux-6.14.7/mm/vmalloc.c,2478,macro,VMAP_BBMAP_BITS,"VMAP_MIN(VMAP_BBMAP_BITS_MAX,	 		VMAP_MAX(VMAP_BBMAP_BITS_MIN,	 VMALLOC_PAGES / roundup_pow_of_two(NR_CPUS) / 16))",
mm,/home/spike/linux-6.14.7/mm/vmalloc.c,2489,macro,VMAP_PURGE_THRESHOLD,(VMAP_BBMAP_BITS / 4),
mm,/home/spike/linux-6.14.7/mm/vmalloc.c,2491,macro,VMAP_RAM,0x1 /* indicates vm_map_ram area*/,
mm,/home/spike/linux-6.14.7/mm/vmalloc.c,2492,macro,VMAP_BLOCK,0x2 /* mark out the vmap_block sub-type*/,
mm,/home/spike/linux-6.14.7/mm/vmalloc.c,4134,macro,GFP_VMALLOC32,(GFP_DMA32 | GFP_KERNEL),
mm,/home/spike/linux-6.14.7/mm/vmalloc.c,4142,macro,GFP_VMALLOC32,(GFP_DMA32 | GFP_KERNEL),
mm,/home/spike/linux-6.14.7/mm/huge_memory.c,4159,macro,MAX_INPUT_BUF_SZ,255,
mm,/home/spike/linux-6.14.7/mm/page_io.c,321,macro,"bio_associate_blkg_from_page(bio, folio)		do { } while (0)",,
mm,/home/spike/linux-6.14.7/mm/z3fold.c,54,macro,NCHUNKS_ORDER,6,
mm,/home/spike/linux-6.14.7/mm/z3fold.c,57,macro,CHUNK_SIZE,(1 << CHUNK_SHIFT),
mm,/home/spike/linux-6.14.7/mm/z3fold.c,58,macro,ZHDR_SIZE_ALIGNED,"round_up(sizeof(struct z3fold_header), CHUNK_SIZE)",
mm,/home/spike/linux-6.14.7/mm/z3fold.c,64,macro,BUDDY_SHIFT,2,
mm,/home/spike/linux-6.14.7/mm/z3fold.c,65,macro,SLOTS_ALIGN,(0x40),
mm,/home/spike/linux-6.14.7/mm/z3fold.c,686,macro,BIG_CHUNK_GAP,3,
mm,/home/spike/linux-6.14.7/mm/mmap.c,63,macro,"arch_mmap_check(addr, len, flags)	(0)",,
mm,/home/spike/linux-6.14.7/mm/shmem_quota.c,43,macro,SHMEM_MAX_IQ_TIME,604800	/* (7*24*60*60) 1 week */,
mm,/home/spike/linux-6.14.7/mm/shmem_quota.c,44,macro,SHMEM_MAX_DQ_TIME,604800	/* (7*24*60*60) 1 week */,
mm,/home/spike/linux-6.14.7/mm/mempolicy.c,120,macro,MPOL_MF_DISCONTIG_OK,(MPOL_MF_INTERNAL << 0)	/* Skip checks for continuous vmas */,
mm,/home/spike/linux-6.14.7/mm/mempolicy.c,121,macro,MPOL_MF_INVERT,(MPOL_MF_INTERNAL << 1)	/* Invert check for nodemask */,
mm,/home/spike/linux-6.14.7/mm/mempolicy.c,122,macro,MPOL_MF_WRLOCK,(MPOL_MF_INTERNAL << 2)	/* Write-lock walked vmas */,
mm,/home/spike/linux-6.14.7/mm/sparse.c,173,macro,"for_each_present_section_nr(start, section_nr)		 	for (section_nr = next_present_section_nr(start-1);	 	     section_nr != -1;								 section_nr = next_present_section_nr(section_nr))",,
mm,/home/spike/linux-6.14.7/mm/memory-failure.c,1253,macro,dirty,(1UL << PG_dirty),
mm,/home/spike/linux-6.14.7/mm/memory-failure.c,1254,macro,sc,((1UL << PG_swapcache) | (1UL << PG_swapbacked)),
mm,/home/spike/linux-6.14.7/mm/memory-failure.c,1255,macro,unevict,(1UL << PG_unevictable),
mm,/home/spike/linux-6.14.7/mm/memory-failure.c,1256,macro,mlock,(1UL << PG_mlocked),
mm,/home/spike/linux-6.14.7/mm/memory-failure.c,1257,macro,lru,(1UL << PG_lru),
mm,/home/spike/linux-6.14.7/mm/memory-failure.c,1258,macro,head,(1UL << PG_head),
mm,/home/spike/linux-6.14.7/mm/memory-failure.c,1259,macro,reserved,(1UL << PG_reserved),
mm,/home/spike/linux-6.14.7/mm/memory-failure.c,1434,macro,GET_PAGE_MAX_RETRY_NUM,3,
mm,/home/spike/linux-6.14.7/mm/memory-failure.c,2425,macro,MEMORY_FAILURE_FIFO_ORDER,4,
mm,/home/spike/linux-6.14.7/mm/memory-failure.c,2426,macro,MEMORY_FAILURE_FIFO_SIZE,(1 << MEMORY_FAILURE_FIFO_ORDER),
mm,/home/spike/linux-6.14.7/mm/percpu.c,105,macro,PCPU_SLOT_BASE_SHIFT,5,
mm,/home/spike/linux-6.14.7/mm/percpu.c,107,macro,PCPU_SLOT_FAIL_THRESHOLD,3,
mm,/home/spike/linux-6.14.7/mm/percpu.c,109,macro,PCPU_EMPTY_POP_PAGES_LOW,2,
mm,/home/spike/linux-6.14.7/mm/percpu.c,110,macro,PCPU_EMPTY_POP_PAGES_HIGH,4,
mm,/home/spike/linux-6.14.7/mm/percpu.c,477,macro,"pcpu_for_each_md_free_region(chunk, bit_off, bits)		 	for (pcpu_next_md_free_region((chunk), &(bit_off), &(bits));	 	     (bit_off) < pcpu_chunk_map_bits((chunk));			 	     (bit_off) += (bits) + 1,					 pcpu_next_md_free_region((chunk), &(bit_off), &(bits)))",,
mm,/home/spike/linux-6.14.7/mm/percpu.c,2555,macro,"PCPU_SETUP_BUG_ON(cond)	do {					 	if (unlikely(cond)) {						 		pr_emerg(""failed to initialize, %s\n"", #cond);		 		pr_emerg(""cpu_possible_mask=%*pb\n"",			 			 cpumask_pr_args(cpu_possible_mask));		 		pcpu_dump_alloc_info(KERN_EMERG, ai);			 		BUG();							 	}								 } while (0)",,
mm,/home/spike/linux-6.14.7/mm/percpu.c,3108,macro,P4D_TABLE_SIZE,PAGE_SIZE,
mm,/home/spike/linux-6.14.7/mm/vmscan.c,103,macro,DEACTIVATE_FILE,2,
mm,/home/spike/linux-6.14.7/mm/vmscan.c,187,macro,"prefetchw_prev_lru_folio(_folio, _base, _field)			 	do {								 		if ((_folio)->lru.prev != _base) {			 			struct folio *prev;				 									 			prev = lru_to_folio(&(_folio->lru));		 			prefetchw(&prev->_field);			 		}							 } while (0)",,
mm,/home/spike/linux-6.14.7/mm/vmscan.c,197,macro,"prefetchw_prev_lru_folio(_folio, _base, _field) do { } while (0)",,
mm,/home/spike/linux-6.14.7/mm/vmscan.c,2665,macro,"for_each_gen_type_zone(gen, type, zone)				 	for ((gen) = 0; (gen) < MAX_NR_GENS; (gen)++)			 		for ((type) = 0; (type) < ANON_AND_FILE; (type)++)	 for ((zone) = 0; (zone) < MAX_NR_ZONES; (zone)++)",,
mm,/home/spike/linux-6.14.7/mm/vmscan.c,2756,macro,BLOOM_FILTER_SHIFT,15,
mm,/home/spike/linux-6.14.7/mm/vmscan.c,7440,macro,NODE_RECLAIM_PRIORITY,4,
mm,/home/spike/linux-6.14.7/mm/mprotect.c,335,macro,"change_pmd_prepare(vma, pmd, cp_flags)				 	({								 		long err = 0;						 		if (unlikely(pgtable_populate_needed(vma, cp_flags))) {	 			if (pte_alloc(vma->vm_mm, pmd))			 				err = -ENOMEM;				 		}							 		err;							 })",,
mm,/home/spike/linux-6.14.7/mm/mprotect.c,350,macro,"change_prepare(vma, high, low, addr, cp_flags)			 	  ({								 		long err = 0;						 		if (unlikely(pgtable_populate_needed(vma, cp_flags))) {	 			low##_t *p = low##_alloc(vma->vm_mm, high, addr);  			if (p == NULL)					 				err = -ENOMEM;				 		}							 		err;							 })",,
mm,/home/spike/linux-6.14.7/mm/swap_state.c,45,macro,SWAP_RA_ORDER_CEILING,5,
mm,/home/spike/linux-6.14.7/mm/swap_state.c,47,macro,SWAP_RA_WIN_SHIFT,(PAGE_SHIFT / 2),
mm,/home/spike/linux-6.14.7/mm/swap_state.c,48,macro,SWAP_RA_HITS_MASK,((1UL << SWAP_RA_WIN_SHIFT) - 1),
mm,/home/spike/linux-6.14.7/mm/swap_state.c,62,macro,GET_SWAP_RA_VAL(vma)					 (atomic_long_read(&(vma)->swap_readahead_info) ? : 4),,
mm,/home/spike/linux-6.14.7/mm/internal.h,45,macro,GFP_SLAB_BUG_MASK,(__GFP_DMA32|__GFP_HIGHMEM|~__GFP_BITS_MASK),
mm,/home/spike/linux-6.14.7/mm/internal.h,51,macro,"WARN_ON_ONCE_GFP(cond, gfp)	({				 	static bool __section("".data..once"") __warned;			 	int __ret_warn_once = !!(cond);					 									 	if (unlikely(!(gfp & __GFP_NOWARN) && __ret_warn_once && !__warned)) {  		__warned = true;					 		WARN_ON(1);						 	}								 	unlikely(__ret_warn_once);					 })",,
mm,/home/spike/linux-6.14.7/mm/internal.h,71,macro,FOLIO_PAGES_MAPPED,(ENTIRELY_MAPPED - 1),
mm,/home/spike/linux-6.14.7/mm/internal.h,77,macro,SHOW_MEM_FILTER_NODES,(0x0001u)	/* disallowed nodes */,
mm,/home/spike/linux-6.14.7/mm/internal.h,466,macro,MAX_RECLAIM_RETRIES,16,
mm,/home/spike/linux-6.14.7/mm/internal.h,483,macro,K(x) ((x) << (PAGE_SHIFT-10)),,
mm,/home/spike/linux-6.14.7/mm/internal.h,1061,macro,"mminit_dprintk(level, prefix, fmt, arg...)  do {  	if (level < mminit_loglevel) {  		if (level <= MMINIT_WARNING)  			pr_warn(""mminit::"" prefix "" "" fmt, ##arg);	 		else  			printk(KERN_DEBUG ""mminit::"" prefix "" "" fmt, ##arg);  	}  } while (0)",,
mm,/home/spike/linux-6.14.7/mm/internal.h,1089,macro,NODE_RECLAIM_NOSCAN,-2,
mm,/home/spike/linux-6.14.7/mm/internal.h,1090,macro,NODE_RECLAIM_FULL,-1,
mm,/home/spike/linux-6.14.7/mm/internal.h,1123,macro,MAGIC_HWPOISON,0x48575053U	/* HWPS */,
mm,/home/spike/linux-6.14.7/mm/internal.h,1155,macro,ALLOC_NO_WATERMARKS,0x04 /* don't check watermarks at all */,
mm,/home/spike/linux-6.14.7/mm/internal.h,1158,macro,ALLOC_WMARK_MASK,(ALLOC_NO_WATERMARKS-1),
mm,/home/spike/linux-6.14.7/mm/internal.h,1171,macro,ALLOC_NON_BLOCK,0x10 /* Caller cannot block. Allow access,
mm,/home/spike/linux-6.14.7/mm/internal.h,1175,macro,ALLOC_MIN_RESERVE,0x20 /* __GFP_HIGH set. Allow access to 50%,
mm,/home/spike/linux-6.14.7/mm/internal.h,1178,macro,ALLOC_CPUSET,0x40 /* check for correct cpuset */,
mm,/home/spike/linux-6.14.7/mm/internal.h,1179,macro,ALLOC_CMA,0x80 /* allow allocations from CMA areas */,
mm,/home/spike/linux-6.14.7/mm/internal.h,1181,macro,ALLOC_NOFRAGMENT,0x100 /* avoid mixing pageblock types */,
mm,/home/spike/linux-6.14.7/mm/internal.h,1185,macro,ALLOC_HIGHATOMIC,0x200 /* Allows access to MIGRATE_HIGHATOMIC */,
mm,/home/spike/linux-6.14.7/mm/internal.h,1186,macro,ALLOC_KSWAPD,"0x800 /* allow waking of kswapd, __GFP_KSWAPD_RECLAIM set */",
mm,/home/spike/linux-6.14.7/mm/internal.h,1500,macro,"mapping_set_update(xas, mapping) do {			 	if (!dax_mapping(mapping) && !shmem_mapping(mapping)) {	 		xas_set_update(xas, workingset_update_node);	 		xas_set_lru(xas, &shadow_nodes);		 	}							 } while (0)",,
mm,/home/spike/linux-6.14.7/mm/hugetlb.c,1032,macro,HPAGE_RESV_OWNER,(1UL << 0),
mm,/home/spike/linux-6.14.7/mm/hugetlb.c,1033,macro,HPAGE_RESV_UNMAPPED,(1UL << 1),
mm,/home/spike/linux-6.14.7/mm/hugetlb.c,1434,macro,"for_each_node_mask_to_alloc(next_node, nr_nodes, node, mask)		 	for (nr_nodes = nodes_weight(*mask);				 		nr_nodes > 0 &&						 		((node = hstate_next_node_to_alloc(next_node, mask)) || 1);	 nr_nodes--)",,
mm,/home/spike/linux-6.14.7/mm/hugetlb.c,1440,macro,"for_each_node_mask_to_free(hs, nr_nodes, node, mask)		 	for (nr_nodes = nodes_weight(*mask);				 		nr_nodes > 0 &&						 		((node = hstate_next_node_to_free(hs, mask)) || 1);	 nr_nodes--)",,
mm,/home/spike/linux-6.14.7/mm/hugetlb_cgroup.c,26,macro,"MEMFILE_PRIVATE(x, val)	(((x) << 16) | (val))",,
mm,/home/spike/linux-6.14.7/mm/hugetlb_cgroup.c,27,macro,MEMFILE_IDX(val)	(((val) >> 16) & 0xffff),,
mm,/home/spike/linux-6.14.7/mm/hugetlb_cgroup.c,28,macro,MEMFILE_ATTR(val)	((val) & 0xffff),,
mm,/home/spike/linux-6.14.7/mm/hugetlb_cgroup.c,31,macro,"MEMFILE_OFFSET(t, m0)	(((offsetof(t, m0) << 16) | sizeof_field(t, m0)))",,
mm,/home/spike/linux-6.14.7/mm/hugetlb_cgroup.c,32,macro,MEMFILE_OFFSET0(val)	(((val) >> 16) & 0xffff),,
mm,/home/spike/linux-6.14.7/mm/hugetlb_cgroup.c,33,macro,MEMFILE_FIELD_SIZE(val)	((val) & 0xffff),,
mm,/home/spike/linux-6.14.7/mm/memblock.c,25,macro,INIT_MEMBLOCK_REGIONS,128,
mm,/home/spike/linux-6.14.7/mm/memblock.c,26,macro,INIT_PHYSMEM_REGIONS,4,
mm,/home/spike/linux-6.14.7/mm/memblock.c,144,macro,"for_each_memblock_type(i, memblock_type, rgn)			 	for (i = 0, rgn = &memblock_type->regions[0];			 	     i < memblock_type->cnt;					 i++, rgn = &memblock_type->regions[i])",,
mm,/home/spike/linux-6.14.7/mm/memblock.c,149,macro,"memblock_dbg(fmt, ...)						 	do {								 		if (memblock_debug)					 			pr_info(fmt, ##__VA_ARGS__);			 } while (0)",,
mm,/home/spike/linux-6.14.7/mm/memblock.c,2294,macro,RESERVE_MEM_MAX_ENTRIES,8,
mm,/home/spike/linux-6.14.7/mm/memblock.c,2295,macro,RESERVE_MEM_NAME_SIZE,16,
mm,/home/spike/linux-6.14.7/mm/rmap.c,668,macro,TLB_FLUSH_BATCH_FLUSHED_SHIFT,16,
mm,/home/spike/linux-6.14.7/mm/rmap.c,669,macro,TLB_FLUSH_BATCH_PENDING_MASK,((1 << (TLB_FLUSH_BATCH_FLUSHED_SHIFT - 1)) - 1),
mm,/home/spike/linux-6.14.7/mm/rmap.c,671,macro,TLB_FLUSH_BATCH_PENDING_LARGE,(TLB_FLUSH_BATCH_PENDING_MASK / 2),
mm,/home/spike/linux-6.14.7/mm/swapfile.c,145,macro,SWAP_USAGE_OFFLIST_BIT,(1UL << (BITS_PER_TYPE(atomic_t) - 2)),
mm,/home/spike/linux-6.14.7/mm/swapfile.c,392,macro,SWAPFILE_CLUSTER,256,
mm,/home/spike/linux-6.14.7/mm/swapfile.c,398,macro,swap_entry_order(order),0,
mm,/home/spike/linux-6.14.7/mm/swapfile.c,400,macro,LATENCY_LIMIT,256,
mm,/home/spike/linux-6.14.7/mm/memcontrol.c,121,macro,SEQ_BUF_SIZE,SZ_4K,
mm,/home/spike/linux-6.14.7/mm/memcontrol.c,123,macro,CURRENT_OBJCG_UPDATE_FLAG,(1UL << CURRENT_OBJCG_UPDATE_BIT),
mm,/home/spike/linux-6.14.7/mm/memcontrol.c,336,macro,BAD_STAT_IDX(index) ((u32)(index) >= U8_MAX),,
mm,/home/spike/linux-6.14.7/mm/memcontrol.c,542,macro,FLUSH_TIME,(2UL*HZ),
mm,/home/spike/linux-6.14.7/mm/memcontrol.c,1754,macro,FLUSHING_CACHED_CHARGE,0,
mm,/home/spike/linux-6.14.7/mm/memcontrol.c,1980,macro,MEMCG_MAX_HIGH_DELAY_JIFFIES,(2UL*HZ),
mm,/home/spike/linux-6.14.7/mm/memcontrol.c,2025,macro,MEMCG_DELAY_PRECISION_SHIFT,20,
mm,/home/spike/linux-6.14.7/mm/memcontrol.c,2026,macro,MEMCG_DELAY_SCALING_SHIFT,14,
mm,/home/spike/linux-6.14.7/mm/memcontrol.c,3369,macro,MEM_CGROUP_ID_MAX,((1UL << MEM_CGROUP_ID_SHIFT) - 1),
mm,/home/spike/linux-6.14.7/mm/memcontrol.c,3951,macro,OFP_PEAK_UNSET,(((-1UL))),
mm,/home/spike/linux-6.14.7/mm/backing-dev.c,513,macro,INIT_BW,(100 << (20 - PAGE_SHIFT)),
mm,/home/spike/linux-6.14.7/mm/zsmalloc.c,62,macro,ZS_ALIGN,8,
mm,/home/spike/linux-6.14.7/mm/zsmalloc.c,102,macro,OBJ_INDEX_MASK,"((_AC(1, UL) << OBJ_INDEX_BITS) - 1)",
mm,/home/spike/linux-6.14.7/mm/zsmalloc.c,105,macro,FULLNESS_BITS,4,
mm,/home/spike/linux-6.14.7/mm/zsmalloc.c,106,macro,CLASS_BITS,8,
mm,/home/spike/linux-6.14.7/mm/zsmalloc.c,107,macro,MAGIC_VAL_BITS,8,
mm,/home/spike/linux-6.14.7/mm/zsmalloc.c,112,macro,ZS_MIN_ALLOC_SIZE,"MAX(32, (ZS_MAX_PAGES_PER_ZSPAGE << PAGE_SHIFT >> OBJ_INDEX_BITS))",
mm,/home/spike/linux-6.14.7/mm/zsmalloc.c,131,macro,ZS_SIZE_CLASSES,"(DIV_ROUND_UP(ZS_MAX_ALLOC_SIZE - ZS_MIN_ALLOC_SIZE,  ZS_SIZE_CLASS_DELTA) + 1)",
mm,/home/spike/linux-6.14.7/mm/vmpressure.c,354,macro,MAX_VMPRESSURE_ARGS_LEN,"(strlen(""critical"") + strlen(""hierarchy"") + 2)",
mm,/home/spike/linux-6.14.7/mm/page_reporting.c,50,macro,PAGE_REPORTING_DELAY,(2 * HZ),
mm,/home/spike/linux-6.14.7/mm/shuffle.c,79,macro,SHUFFLE_RETRY,10,
mm,/home/spike/linux-6.14.7/mm/page_owner.c,22,macro,PAGE_OWNER_STACK_DEPTH,(16),
mm,/home/spike/linux-6.14.7/mm/dmapool_test.c,9,macro,NR_TESTS,(100),
mm,/home/spike/linux-6.14.7/mm/compaction.c,33,macro,HPAGE_FRAG_CHECK_INTERVAL_MSEC,(500),
mm,/home/spike/linux-6.14.7/mm/compaction.c,57,macro,count_compact_event(item) do { } while (0),,
mm,/home/spike/linux-6.14.7/mm/compaction.c,58,macro,"count_compact_events(item, delta) do { } while (0)",,
mm,/home/spike/linux-6.14.7/mm/compaction.c,67,macro,"block_start_pfn(pfn, order)	round_down(pfn, 1UL << (order))",,
mm,/home/spike/linux-6.14.7/mm/compaction.c,68,macro,"block_end_pfn(pfn, order)	ALIGN((pfn) + 1, 1UL << (order))",,
mm,/home/spike/linux-6.14.7/mm/compaction.c,152,macro,COMPACT_MAX_DEFER_SHIFT,6,
mm,/home/spike/linux-6.14.7/mm/slub.c,199,macro,slub_put_cpu_ptr(var)		 do {					 	(void)(var);			 	migrate_enable();		 } while (0),,
mm,/home/spike/linux-6.14.7/mm/slub.c,270,macro,MIN_PARTIAL,5,
mm,/home/spike/linux-6.14.7/mm/slub.c,277,macro,MAX_PARTIAL,10,
mm,/home/spike/linux-6.14.7/mm/slub.c,280,macro,MAX_PARTIAL,0,
mm,/home/spike/linux-6.14.7/mm/slub.c,301,macro,OO_SHIFT,16,
mm,/home/spike/linux-6.14.7/mm/slub.c,302,macro,OO_MASK,((1 << OO_SHIFT) - 1),
mm,/home/spike/linux-6.14.7/mm/slub.c,303,macro,MAX_OBJS_PER_PAGE,32767 /* since slab.objects is u15 */,
mm,/home/spike/linux-6.14.7/mm/slub.c,319,macro,TRACK_ADDRS_COUNT,16,
mm,/home/spike/linux-6.14.7/mm/slub.c,443,macro,"for_each_kmem_cache_node(__s, __node, __n)  	for (__node = 0; __node < nr_node_ids; __node++)  if ((__n = get_node(__s, __node)))",,
mm,/home/spike/linux-6.14.7/mm/slub.c,1878,macro,disable_higher_order_debug,0,
mm,/home/spike/linux-6.14.7/mm/slub.c,3476,macro,MAX_PARTIAL_TO_SCAN,10000,
mm,/home/spike/linux-6.14.7/mm/slub.c,5819,macro,SHRINK_PROMOTE_MAX,32,
mm,/home/spike/linux-6.14.7/mm/slub.c,6499,macro,SO_ALL,(1 << SL_ALL),
mm,/home/spike/linux-6.14.7/mm/slub.c,6500,macro,SO_PARTIAL,(1 << SL_PARTIAL),
mm,/home/spike/linux-6.14.7/mm/slub.c,6501,macro,SO_CPU,(1 << SL_CPU),
mm,/home/spike/linux-6.14.7/mm/slub.c,6502,macro,SO_OBJECTS,(1 << SL_OBJECTS),
mm,/home/spike/linux-6.14.7/mm/slub.c,6503,macro,SO_TOTAL,(1 << SL_TOTAL),
mm,/home/spike/linux-6.14.7/mm/slub.c,6626,macro,"SLAB_ATTR_RO(_name)  static struct slab_attribute _name##_attr = __ATTR_RO_MODE(_name, 0400)",,
mm,/home/spike/linux-6.14.7/mm/slub.c,6629,macro,"SLAB_ATTR(_name)  static struct slab_attribute _name##_attr = __ATTR_RW_MODE(_name, 0600)",,
mm,/home/spike/linux-6.14.7/mm/slub.c,6994,macro,"STAT_ATTR(si, text) 					 static ssize_t text##_show(struct kmem_cache *s, char *buf)	 {								 	return show_stat(s, buf, si);				 }								 static ssize_t text##_store(struct kmem_cache *s,		 				const char *buf, size_t length)	 {								 	if (buf[0] != '0')","return -EINVAL;					 	clear_stat(s, si);					 	return length;						 }								 SLAB_ATTR(text);",
mm,/home/spike/linux-6.14.7/mm/slub.c,7194,macro,ID_STR_LENGTH,32,
mm,/home/spike/linux-6.14.7/mm/memcontrol-v1.c,40,macro,MEM_CGROUP_MAX_RECLAIM_LOOPS,100,
mm,/home/spike/linux-6.14.7/mm/memcontrol-v1.c,41,macro,MEM_CGROUP_MAX_SOFT_LIMIT_RECLAIM_LOOPS,2,
mm,/home/spike/linux-6.14.7/mm/memcontrol-v1.c,89,macro,"MEMFILE_PRIVATE(x, val)	((x) << 16 | (val))",,
mm,/home/spike/linux-6.14.7/mm/memcontrol-v1.c,90,macro,MEMFILE_TYPE(val)	((val) >> 16 & 0xffff),,
mm,/home/spike/linux-6.14.7/mm/memcontrol-v1.c,91,macro,MEMFILE_ATTR(val)	((val) & 0xffff),,
mm,/home/spike/linux-6.14.7/mm/memcontrol-v1.c,511,macro,THRESHOLDS_EVENTS_TARGET,128,
mm,/home/spike/linux-6.14.7/mm/memcontrol-v1.c,512,macro,SOFTLIMIT_EVENTS_TARGET,1024,
mm,/home/spike/linux-6.14.7/mm/memcontrol-v1.c,1638,macro,LRU_ALL,((1 << NR_LRU_LISTS) - 1),
mm,/home/spike/linux-6.14.7/mm/shrinker.c,369,macro,SHRINK_BATCH,128,
mm,/home/spike/linux-6.14.7/mm/ksm.c,53,macro,DO_NUMA(x)	do { (x); } while (0),,
mm,/home/spike/linux-6.14.7/mm/ksm.c,55,macro,NUMA(x)		(0),,
mm,/home/spike/linux-6.14.7/mm/ksm.c,56,macro,DO_NUMA(x)	do { } while (0),,
mm,/home/spike/linux-6.14.7/mm/ksm.c,180,macro,STABLE_NODE_CHAIN,-1024,
mm,/home/spike/linux-6.14.7/mm/ksm.c,223,macro,SEQNR_MASK,0x0ff	/* low bits of unstable tree seqnr */,
mm,/home/spike/linux-6.14.7/mm/ksm.c,224,macro,UNSTABLE_FLAG,0x100	/* is a node of the unstable tree */,
mm,/home/spike/linux-6.14.7/mm/ksm.c,225,macro,STABLE_FLAG,0x200	/* is listed from the stable tree */,
mm,/home/spike/linux-6.14.7/mm/ksm.c,237,macro,MM_SLOTS_HASH_BITS,10,
mm,/home/spike/linux-6.14.7/mm/ksm.c,252,macro,DEFAULT_PAGES_TO_SCAN,100,
mm,/home/spike/linux-6.14.7/mm/ksm.c,307,macro,KSM_ADVISOR_MIN_CPU,10,
mm,/home/spike/linux-6.14.7/mm/ksm.c,316,macro,EWMA_WEIGHT,30,
mm,/home/spike/linux-6.14.7/mm/ksm.c,475,macro,ksm_nr_node_ids,1,
mm,/home/spike/linux-6.14.7/mm/ksm.c,480,macro,KSM_RUN_UNMERGE,2,
mm,/home/spike/linux-6.14.7/mm/ksm.c,481,macro,KSM_RUN_OFFLINE,4,
mm,/home/spike/linux-6.14.7/mm/page_alloc.c,100,macro,pcp_trylock_prepare(flags)	do { } while (0),,
mm,/home/spike/linux-6.14.7/mm/page_alloc.c,101,macro,pcp_trylock_finish(flag)	do { } while (0),,
mm,/home/spike/linux-6.14.7/mm/page_alloc.c,3700,macro,MAX_COMPACT_RETRIES,16,
mm,/home/spike/linux-6.14.7/mm/page_alloc.c,5081,macro,NUMA_ZONELIST_ORDER_LEN,16,
mm,/home/spike/linux-6.14.7/mm/page_alloc.c,5287,macro,BOOT_PAGESET_BATCH,1,
mm,/home/spike/linux-6.14.7/mm/page_idle.c,18,macro,BITMAP_CHUNK_SIZE,sizeof(u64),
mm,/home/spike/linux-6.14.7/mm/swap.h,27,macro,SWAP_ADDRESS_SPACE_SHIFT,14,
mm,/home/spike/linux-6.14.7/mm/swap.h,28,macro,SWAP_ADDRESS_SPACE_PAGES,(1 << SWAP_ADDRESS_SPACE_SHIFT),
mm,/home/spike/linux-6.14.7/mm/swap.h,29,macro,SWAP_ADDRESS_SPACE_MASK,(SWAP_ADDRESS_SPACE_PAGES - 1),
mm,/home/spike/linux-6.14.7/mm/slab_common.c,52,macro,SLAB_MERGE_SAME,(SLAB_RECLAIM_ACCOUNT | SLAB_CACHE_DMA |  SLAB_CACHE_DMA32 | SLAB_ACCOUNT),
mm,/home/spike/linux-6.14.7/mm/slab_common.c,788,macro,KMA_RAND_1(sz),".name[KMALLOC_RANDOM_START +  1] = ""kmalloc-rnd-01-"" #sz,",
mm,/home/spike/linux-6.14.7/mm/slab_common.c,789,macro,KMA_RAND_2(sz)  KMA_RAND_1(sz),".name[KMALLOC_RANDOM_START +  2] = ""kmalloc-rnd-02-"" #sz,",
mm,/home/spike/linux-6.14.7/mm/slab_common.c,790,macro,KMA_RAND_3(sz)  KMA_RAND_2(sz),".name[KMALLOC_RANDOM_START +  3] = ""kmalloc-rnd-03-"" #sz,",
mm,/home/spike/linux-6.14.7/mm/slab_common.c,791,macro,KMA_RAND_4(sz)  KMA_RAND_3(sz),".name[KMALLOC_RANDOM_START +  4] = ""kmalloc-rnd-04-"" #sz,",
mm,/home/spike/linux-6.14.7/mm/slab_common.c,792,macro,KMA_RAND_5(sz)  KMA_RAND_4(sz),".name[KMALLOC_RANDOM_START +  5] = ""kmalloc-rnd-05-"" #sz,",
mm,/home/spike/linux-6.14.7/mm/slab_common.c,793,macro,KMA_RAND_6(sz)  KMA_RAND_5(sz),".name[KMALLOC_RANDOM_START +  6] = ""kmalloc-rnd-06-"" #sz,",
mm,/home/spike/linux-6.14.7/mm/slab_common.c,794,macro,KMA_RAND_7(sz)  KMA_RAND_6(sz),".name[KMALLOC_RANDOM_START +  7] = ""kmalloc-rnd-07-"" #sz,",
mm,/home/spike/linux-6.14.7/mm/slab_common.c,795,macro,KMA_RAND_8(sz)  KMA_RAND_7(sz),".name[KMALLOC_RANDOM_START +  8] = ""kmalloc-rnd-08-"" #sz,",
mm,/home/spike/linux-6.14.7/mm/slab_common.c,796,macro,KMA_RAND_9(sz)  KMA_RAND_8(sz),".name[KMALLOC_RANDOM_START +  9] = ""kmalloc-rnd-09-"" #sz,",
mm,/home/spike/linux-6.14.7/mm/slab_common.c,797,macro,KMA_RAND_10(sz) KMA_RAND_9(sz),".name[KMALLOC_RANDOM_START + 10] = ""kmalloc-rnd-10-"" #sz,",
mm,/home/spike/linux-6.14.7/mm/slab_common.c,798,macro,KMA_RAND_11(sz) KMA_RAND_10(sz),".name[KMALLOC_RANDOM_START + 11] = ""kmalloc-rnd-11-"" #sz,",
mm,/home/spike/linux-6.14.7/mm/slab_common.c,799,macro,KMA_RAND_12(sz) KMA_RAND_11(sz),".name[KMALLOC_RANDOM_START + 12] = ""kmalloc-rnd-12-"" #sz,",
mm,/home/spike/linux-6.14.7/mm/slab_common.c,800,macro,KMA_RAND_13(sz) KMA_RAND_12(sz),".name[KMALLOC_RANDOM_START + 13] = ""kmalloc-rnd-13-"" #sz,",
mm,/home/spike/linux-6.14.7/mm/slab_common.c,801,macro,KMA_RAND_14(sz) KMA_RAND_13(sz),".name[KMALLOC_RANDOM_START + 14] = ""kmalloc-rnd-14-"" #sz,",
mm,/home/spike/linux-6.14.7/mm/slab_common.c,802,macro,KMA_RAND_15(sz) KMA_RAND_14(sz),".name[KMALLOC_RANDOM_START + 15] = ""kmalloc-rnd-15-"" #sz,",
mm,/home/spike/linux-6.14.7/mm/slab_common.c,1310,macro,KFREE_DRAIN_JIFFIES,(5 * HZ),
mm,/home/spike/linux-6.14.7/mm/slab_common.c,1311,macro,KFREE_N_BATCHES,2,
mm,/home/spike/linux-6.14.7/mm/slab_common.c,1312,macro,FREE_N_CHANNELS,2,
mm,/home/spike/linux-6.14.7/mm/numa_emulation.c,13,macro,FAKE_NODE_MIN_SIZE,((u64)32 << 20),
mm,/home/spike/linux-6.14.7/mm/numa_emulation.c,14,macro,FAKE_NODE_MIN_HASH_MASK,(~(FAKE_NODE_MIN_SIZE - 1UL)),
mm,/home/spike/linux-6.14.7/mm/khugepaged.c,92,macro,MM_SLOTS_HASH_BITS,10,
mm,/home/spike/linux-6.14.7/mm/khugepaged.c,878,macro,khugepaged_defrag()					 	(transparent_hugepage_flags &				 (1<<TRANSPARENT_HUGEPAGE_DEFRAG_KHUGEPAGED_FLAG)),,
mm,/home/spike/linux-6.14.7/mm/process_vm_access.c,56,macro,PVM_MAX_KMALLOC_PAGES,2,
mm,/home/spike/linux-6.14.7/mm/process_vm_access.c,136,macro,PVM_MAX_PP_ARRAY_COUNT,16,
mm,/home/spike/linux-6.14.7/mm/debug.c,49,macro,DEF_PAGETYPE_NAME(_name) [PGTY_##_name - 0xf0] =  __stringify(_name),,
mm,/home/spike/linux-6.14.7/mm/kmsan/kmsan.h,30,macro,KMSAN_ORIGIN_SIZE,4,
mm,/home/spike/linux-6.14.7/mm/kmsan/kmsan.h,31,macro,KMSAN_MAX_ORIGIN_DEPTH,7,
mm,/home/spike/linux-6.14.7/mm/kmsan/kmsan.h,33,macro,KMSAN_STACK_DEPTH,64,
mm,/home/spike/linux-6.14.7/mm/util.c,336,macro,STACK_RND_MASK,(0x7ff >> (PAGE_SHIFT - 12))     /* 8MB of VA */,
mm,/home/spike/linux-6.14.7/mm/util.c,430,macro,MAX_GAP,(STACK_TOP / 6 * 5),
mm,/home/spike/linux-6.14.7/mm/kmsan/init.c,18,macro,NUM_FUTURE_RANGES,128,
mm,/home/spike/linux-6.14.7/mm/kmsan/init.c,138,macro,MAX_BLOCKS,8,
mm,/home/spike/linux-6.14.7/mm/workingset.c,183,macro,WORKINGSET_SHIFT,1,
mm,/home/spike/linux-6.14.7/mm/workingset.c,187,macro,EVICTION_MASK,(~0UL >> EVICTION_SHIFT),
mm,/home/spike/linux-6.14.7/mm/slab.h,168,macro,"slab_page(s) folio_page(slab_folio(s), 0)",,
mm,/home/spike/linux-6.14.7/mm/slab.h,461,macro,SLAB_CORE_FLAGS,(SLAB_HWCACHE_ALIGN | SLAB_CACHE_DMA |  			 SLAB_CACHE_DMA32 | SLAB_PANIC |  SLAB_TYPESAFE_BY_RCU | SLAB_DEBUG_OBJECTS ),
mm,/home/spike/linux-6.14.7/mm/slab.h,686,macro,KS_ADDRS_COUNT,16,
mm,/home/spike/linux-6.14.7/mm/kmsan/kmsan_test.c,143,macro,USE(x)                            	do {                              		if (x)                    			check_true(#x);   		else                      			check_false(#x);  } while (0),,
mm,/home/spike/linux-6.14.7/mm/kmsan/kmsan_test.c,542,macro,"DEFINE_TEST_MEMSETXX(size)                                           	static void test_memset##size(struct kunit *test)                    	{                                                                    		EXPECTATION_NO_REPORT(expect);                               		volatile uint##size##_t uninit;                                                                                                           		kunit_info(test,                                             			   ""memset"" #size ""()","should initialize memory\n"");  		memset##size((uint##size##_t *)&uninit, 0, 1);               		kmsan_check_memory((void *)&uninit, sizeof(uninit));         		KUNIT_EXPECT_TRUE(test, report_matches(&expect));            }",
mm,/home/spike/linux-6.14.7/mm/kmsan/report.c,20,macro,DESCR_SIZE,128,
mm,/home/spike/linux-6.14.7/mm/migrate.c,1574,macro,NR_MAX_BATCHED_MIGRATION,512,
mm,/home/spike/linux-6.14.7/mm/migrate.c,1576,macro,NR_MAX_MIGRATE_PAGES_RETRY,10,
mm,/home/spike/linux-6.14.7/mm/migrate.c,1577,macro,NR_MAX_MIGRATE_ASYNC_RETRY,3,
mm,/home/spike/linux-6.14.7/mm/damon/modules-common.h,10,macro,DEFINE_DAMON_MODULES_MON_ATTRS_PARAMS(attrs),"module_param_named(sample_interval, attrs.sample_interval,	 			ulong, 0600);					 	module_param_named(aggr_interval, attrs.aggr_interval, ulong,	 			0600);						 	module_param_named(min_nr_regions, attrs.min_nr_regions, ulong,	 			0600);						 	module_param_named(max_nr_regions, attrs.max_nr_regions, ulong,	 0600);",
mm,/home/spike/linux-6.14.7/mm/damon/modules-common.h,20,macro,DEFINE_DAMON_MODULES_DAMOS_TIME_QUOTA(quota),"module_param_named(quota_ms, quota.ms, ulong, 0600);		 	module_param_named(quota_reset_interval_ms,			 quota.reset_interval, ulong, 0600);",
mm,/home/spike/linux-6.14.7/mm/damon/modules-common.h,25,macro,DEFINE_DAMON_MODULES_DAMOS_QUOTAS(quota)			 	DEFINE_DAMON_MODULES_DAMOS_TIME_QUOTA(quota),"module_param_named(quota_sz, quota.sz, ulong, 0600);",
mm,/home/spike/linux-6.14.7/mm/damon/modules-common.h,29,macro,DEFINE_DAMON_MODULES_WMARKS_PARAMS(wmarks),"module_param_named(wmarks_interval, wmarks.interval, ulong,	 			0600);						 	module_param_named(wmarks_high, wmarks.high, ulong, 0600);	 	module_param_named(wmarks_mid, wmarks.mid, ulong, 0600);	 module_param_named(wmarks_low, wmarks.low, ulong, 0600);",
mm,/home/spike/linux-6.14.7/mm/damon/modules-common.h,36,macro,"DEFINE_DAMON_MODULES_DAMOS_STATS_PARAMS(stat, try_name,		 		succ_name, qt_exceed_name)","module_param_named(nr_##try_name, stat.nr_tried, ulong, 0400);	 	module_param_named(bytes_##try_name, stat.sz_tried, ulong,	 			0400);						 	module_param_named(nr_##succ_name, stat.nr_applied, ulong,	 			0400);						 	module_param_named(bytes_##succ_name, stat.sz_applied, ulong,	 			0400);						 	module_param_named(nr_##qt_exceed_name, stat.qt_exceeds, ulong,	 0400);",
mm,/home/spike/linux-6.14.7/mm/kasan/generic.c,323,macro,"DEFINE_ASAN_SET_SHADOW(byte)  	void __asan_set_shadow_##byte(const void *addr, ssize_t size)	 	{								 		__memset((void *)addr, 0x##byte, size);			 	}								 EXPORT_SYMBOL(__asan_set_shadow_##byte)",,
mm,/home/spike/linux-6.14.7/mm/kasan/kasan_test_c.c,118,macro,"KUNIT_EXPECT_KASAN_FAIL(test, expression) do {			 	if (IS_ENABLED(CONFIG_KASAN_HW_TAGS) &&				 	    kasan_sync_fault_possible())				 		migrate_disable();					 	KUNIT_EXPECT_FALSE(test, READ_ONCE(test_status.report_found));	 	barrier();							 	expression;							 	barrier();							 	if (kasan_async_fault_possible())				 		kasan_force_async_fault();				 	if (!READ_ONCE(test_status.report_found)) {			 		KUNIT_FAIL(test, KUNIT_SUBTEST_INDENT ""KASAN failure ""	 				""expected in \"""" #expression		 				 ""\"", but none occurred"");		 	}								 	if (IS_ENABLED(CONFIG_KASAN_HW_TAGS) &&				 	    kasan_sync_fault_possible()) {				 		if (READ_ONCE(test_status.report_found) &&		 		    !READ_ONCE(test_status.async_fault))		 			kasan_enable_hw_tags();				 		migrate_enable();					 	}								 	WRITE_ONCE(test_status.report_found, false);			 	WRITE_ONCE(test_status.async_fault, false);			 } while (0)",,
mm,/home/spike/linux-6.14.7/mm/kasan/kasan_test_c.c,144,macro,"KASAN_TEST_NEEDS_CONFIG_ON(test, config) do {			 	if (!IS_ENABLED(config))					 		kunit_skip((test), ""Test requires "" #config ""=y"");	 } while (0)",,
mm,/home/spike/linux-6.14.7/mm/kasan/kasan_test_c.c,149,macro,"KASAN_TEST_NEEDS_CONFIG_OFF(test, config) do {			 	if (IS_ENABLED(config))						 		kunit_skip((test), ""Test requires "" #config ""=n"");	 } while (0)",,
mm,/home/spike/linux-6.14.7/mm/kasan/kasan_test_c.c,154,macro,"KASAN_TEST_NEEDS_CHECKED_MEMINTRINSICS(test) do {		 	if (IS_ENABLED(CONFIG_KASAN_HW_TAGS))				 		break;  /* No compiler instrumentation. */		 	if (IS_ENABLED(CONFIG_CC_HAS_KASAN_MEMINTRINSIC_PREFIX))	 		break;  /* Should always be instrumented! */		 	if (IS_ENABLED(CONFIG_GENERIC_ENTRY))				 		kunit_skip((test), ""Test requires checked mem*()"");	 } while (0)",,
mm,/home/spike/linux-6.14.7/mm/kasan/tags.c,25,macro,KASAN_STACK_RING_SIZE_DEFAULT,(32 << 10),
mm,/home/spike/linux-6.14.7/mm/kasan/tags.c,39,macro,STACK_RING_BUSY_PTR,((void *)1),
mm,/home/spike/linux-6.14.7/mm/kfence/kfence_test.c,36,macro,"KFENCE_TEST_REQUIRES(test, cond) do {			 	if (!(cond))						 		kunit_skip((test), ""Test requires: "" #cond);	 } while (0)",,
mm,/home/spike/linux-6.14.7/mm/kfence/kfence_test.c,181,macro,TEST_PRIV_WANT_MEMCACHE,((void *)1),
mm,/home/spike/linux-6.14.7/mm/kfence/kfence.h,24,macro,KFENCE_CANARY_PATTERN_U8(addr) ((u8)0xaa ^ (u8)((unsigned long)(addr) & 0x7)),,
mm,/home/spike/linux-6.14.7/mm/kfence/kfence.h,32,macro,KFENCE_CANARY_PATTERN_U64,((u64)0xaaaaaaaaaaaaaaaa ^ (u64)(le64_to_cpu(0x0706050403020100))),
mm,/home/spike/linux-6.14.7/mm/kfence/kfence.h,35,macro,KFENCE_STACK_DEPTH,64,
mm,/home/spike/linux-6.14.7/mm/damon/ops-common.c,70,macro,DAMON_MAX_SUBSCORE,(100),
mm,/home/spike/linux-6.14.7/mm/damon/ops-common.c,71,macro,DAMON_MAX_AGE_IN_LOG,(32),
mm,/home/spike/linux-6.14.7/mm/kasan/quarantine.c,85,macro,QUARANTINE_PERCPU_SIZE,(1 << 20),
mm,/home/spike/linux-6.14.7/mm/kasan/quarantine.c,86,macro,QUARANTINE_BATCHES,(1024 > 4 * CONFIG_NR_CPUS ? 1024 : 4 * CONFIG_NR_CPUS),
mm,/home/spike/linux-6.14.7/mm/kasan/quarantine.c,127,macro,QUARANTINE_FRACTION,32,
mm,/home/spike/linux-6.14.7/mm/mm_init.c,2335,macro,ADAPT_SCALE_BASE,(64ul << 30),
mm,/home/spike/linux-6.14.7/mm/mm_init.c,2336,macro,ADAPT_SCALE_SHIFT,2,
mm,/home/spike/linux-6.14.7/mm/mm_init.c,2608,macro,"adj_init_size(start, end, size, pos, adj)  	do {  		if (&start[0] <= &pos[0] && &pos[0] < &end[0] && size > adj)  			size -= adj;  } while (0)",,
mm,/home/spike/linux-6.14.7/mm/kmemleak.c,109,macro,MAX_TRACE,16	/* stack trace length */,
mm,/home/spike/linux-6.14.7/mm/kmemleak.c,110,macro,MSECS_MIN_AGE,5000	/* minimum object age for reporting */,
mm,/home/spike/linux-6.14.7/mm/kmemleak.c,111,macro,SECS_FIRST_SCAN,60	/* delay before the first scan */,
mm,/home/spike/linux-6.14.7/mm/kmemleak.c,112,macro,SECS_SCAN_WAIT,600	/* subsequent auto scanning delay */,
mm,/home/spike/linux-6.14.7/mm/kmemleak.c,113,macro,MAX_SCAN_SIZE,4096	/* maximum size of a scanned block */,
mm,/home/spike/linux-6.14.7/mm/kmemleak.c,125,macro,KMEMLEAK_BLACK,-1,
mm,/home/spike/linux-6.14.7/mm/kmemleak.c,164,macro,OBJECT_ALLOCATED,(1 << 0),
mm,/home/spike/linux-6.14.7/mm/kmemleak.c,166,macro,OBJECT_REPORTED,(1 << 1),
mm,/home/spike/linux-6.14.7/mm/kmemleak.c,168,macro,OBJECT_NO_SCAN,(1 << 2),
mm,/home/spike/linux-6.14.7/mm/kmemleak.c,170,macro,OBJECT_FULL_SCAN,(1 << 3),
mm,/home/spike/linux-6.14.7/mm/kmemleak.c,172,macro,OBJECT_PHYS,(1 << 4),
mm,/home/spike/linux-6.14.7/mm/kmemleak.c,174,macro,OBJECT_PERCPU,(1 << 5),
mm,/home/spike/linux-6.14.7/mm/kmemleak.c,177,macro,DELSTATE_REMOVED,(1 << 0),
mm,/home/spike/linux-6.14.7/mm/kmemleak.c,179,macro,DELSTATE_NO_DELETE,(1 << 1),
mm,/home/spike/linux-6.14.7/mm/kmemleak.c,183,macro,HEX_ROW_SIZE,16,
mm,/home/spike/linux-6.14.7/mm/kmemleak.c,185,macro,HEX_GROUP_SIZE,1,
mm,/home/spike/linux-6.14.7/mm/kmemleak.c,189,macro,HEX_MAX_LINES,2,
mm,/home/spike/linux-6.14.7/mm/kmemleak.c,254,macro,kmemleak_warn(x...)	do {		 	pr_warn(x);				 	dump_stack();				 	kmemleak_warning = 1;			 } while (0),,
mm,/home/spike/linux-6.14.7/mm/kmemleak.c,265,macro,kmemleak_stop(x...)	do {	 	kmemleak_warn(x);		 	kmemleak_disable();		 } while (0),,
mm,/home/spike/linux-6.14.7/mm/kmemleak.c,270,macro,"warn_or_seq_printf(seq, fmt, ...)	do {	 	if (seq)					 		seq_printf(seq, fmt, ##__VA_ARGS__);	 	else						 		pr_warn(fmt, ##__VA_ARGS__);		 } while (0)",,
mm,/home/spike/linux-6.14.7/mm/kasan/kasan.h,132,macro,KASAN_GRANULE_SIZE,(1UL << KASAN_SHADOW_SCALE_SHIFT),
mm,/home/spike/linux-6.14.7/mm/kasan/kasan.h,138,macro,KASAN_GRANULE_MASK,(KASAN_GRANULE_SIZE - 1),
mm,/home/spike/linux-6.14.7/mm/kasan/kasan.h,143,macro,KASAN_PAGE_FREE,0xFF  /* freed page */,
mm,/home/spike/linux-6.14.7/mm/kasan/kasan.h,144,macro,KASAN_PAGE_REDZONE,0xFE  /* redzone for kmalloc_large allocation */,
mm,/home/spike/linux-6.14.7/mm/kasan/kasan.h,145,macro,KASAN_SLAB_REDZONE,0xFC  /* redzone for slab object */,
mm,/home/spike/linux-6.14.7/mm/kasan/kasan.h,146,macro,KASAN_SLAB_FREE,0xFB  /* freed slab object */,
mm,/home/spike/linux-6.14.7/mm/kasan/kasan.h,147,macro,KASAN_VMALLOC_INVALID,0xF8  /* inaccessible space in vmap area */,
mm,/home/spike/linux-6.14.7/mm/kasan/kasan.h,158,macro,KASAN_SLAB_FREE_META,0xFA  /* freed slab object with free meta */,
mm,/home/spike/linux-6.14.7/mm/kasan/kasan.h,159,macro,KASAN_GLOBAL_REDZONE,0xF9  /* redzone for global variable */,
mm,/home/spike/linux-6.14.7/mm/kasan/kasan.h,172,macro,KASAN_ALLOCA_REDZONE_SIZE,32,
mm,/home/spike/linux-6.14.7/mm/kasan/kasan.h,186,macro,META_BLOCKS_PER_ROW,16,
mm,/home/spike/linux-6.14.7/mm/kasan/kasan.h,189,macro,META_ROWS_AROUND_ADDR,2,
mm,/home/spike/linux-6.14.7/mm/kasan/kasan.h,191,macro,KASAN_STACK_DEPTH,64,
mm,/home/spike/linux-6.14.7/mm/kasan/kasan.h,420,macro,arch_kasan_get_tag(addr),0,
mm,/home/spike/linux-6.14.7/mm/kfence/core.c,157,macro,ALLOC_COVERED_HNUM,2,
mm,/home/spike/linux-6.14.7/mm/kfence/core.c,158,macro,ALLOC_COVERED_ORDER,(const_ilog2(CONFIG_KFENCE_NUM_OBJECTS) + 2),
mm,/home/spike/linux-6.14.7/mm/kfence/core.c,159,macro,ALLOC_COVERED_SIZE,(1 << ALLOC_COVERED_ORDER),
mm,/home/spike/linux-6.14.7/mm/kfence/core.c,160,macro,"ALLOC_COVERED_HNEXT(h)	hash_32(h, ALLOC_COVERED_ORDER)",,
mm,/home/spike/linux-6.14.7/mm/kfence/core.c,161,macro,ALLOC_COVERED_MASK,(ALLOC_COVERED_SIZE - 1),
mm,/home/spike/linux-6.14.7/mm/kfence/core.c,165,macro,UNIQUE_ALLOC_STACK_DEPTH,((size_t)8),
mm,/home/spike/linux-6.14.7/mm/kasan/hw_tags.c,71,macro,PAGE_ALLOC_SAMPLE_ORDER_DEFAULT,3,
