MAX_MADVISE_GUARD_RETRIES,1
SHRINK_DIVISOR,1
SMC_LGR_NUM_INCR,1
BTRFS_MAX_BIO_SECTORS,1
BTRFS_DEFRAG_BATCH,1
RC_EXPIRE,1
NR_TO_WRITE,1
DEF_RECLAIM_PREFREE_SEGMENTS,1
MAX_RA_NODE,1
MAX_VMAP_RETRIES,1
DEF_GC_THREAD_URGENT_SLEEP_TIME,1
XFS_ICOUNT_BATCH,1
BOOST_GC_MULTIPLE,1
APOLL_MAX_RETRY,1
IO_TCTX_REFS_CACHE_NR,1
AMT_INIT_REQ_TIMEOUT,1
AMT_MAX_REQ_TIMEOUT,1
IPVS_SYNC_CHECK_PERIOD,1
IPVS_SYNC_FLUSH_TIME,1
SHRINK_BATCH,1
OOM_REAPER_DELAY,1
SHMEM_MAX_IQ_TIME,1
SHMEM_MAX_DQ_TIME,1
MAX_SOFTIRQ_TIME,1
MAX_SOFTIRQ_RESTART,1
BH_WORKER_JIFFIES,1
BH_WORKER_RESTARTS,1
DEF_DISCARD_URGENT_UTIL,1
SYNC_SHRINK_BATCH,1
BLK_MQ_RESOURCE_DELAY,1
KFREE_DRAIN_JIFFIES,1
NUMA_MIGRATION_ADJUST_STEPS,1
tcp_min_rtt(tp) >> 2,1
p->node_stamp += 2 * TICK_NSEC;,1
p->node_stamp += 32 * diff;,1
"group_faults(p, dst_nid) * 4",1
ca->delay_min >> 3,1
delta = freeable / 2;,1
delta *= 4;,1
bfq_back_penalty,1
bfq_back_max,1
bfq_activation_stable_merging,1
bfq_late_stable_merging,1
BLK_MAX_REQUEST_COUNT,2
PEEK_MAX_IMPORT,2
MLD_MAX_QUEUE,2
TCP_TIMEOUT_MIN_US,2
MAX_INOBT_WALK_PREFETCH,2
XFS_DISCARD_MAX_EXAMINE,2
LAST_INO_BATCH,2
SMC_TX_WORK_DELAY,2
PIPE_MIN_DEF_BUFFERS,2
AMT_DISCOVERY_TIMEOUT,2
AMT_SECRET_TIMEOUT,2
IPVS_SYNC_SEND_DELAY,2
NFSD_LAUNDRETTE_DELAY,2
RCU_JIFFIES_FQS_DIV,2
BLK_MQ_CPU_WORK_BATCH,2
BLK_MQ_DISPATCH_BUSY_EWMA_WEIGHT,2
BLK_MQ_DISPATCH_BUSY_EWMA_FACTOR,2
BLK_ZONE_WPLUG_DEFAULT_POOL_SIZE,2
BLKDEV_DEFAULT_RQ,2
VMA_PID_RESET_PERIOD,2
BLK_MQ_BUDGET_DELAY,2
TCP_PLB_SCALE,3
PIE_SCALE,3
BTRFS_DELAYED_BATCH,3
TCP_RACK_RECOVERY_THRESH,3
capacity_greater,3
BUSY_POLL_BUDGET,4
MAX_SLACK,4
IWALK_MAX_INODE_PREFETCH,4
IO_LOCAL_TW_DEFAULT_MAX,4
IPVS_SYNC_WAKEUP_RATE,4
SCHED_NR_MIGRATE_BREAK,4
TCP_MAX_QUICKACKS,5
bfq_default_max_budget,5
NFS_JUKEBOX_RETRY_TIME,7
NFS4_POLL_RETRY_MIN,8
fits_capacity,13
DEF_PRIORITY,16
NFS4_POLL_RETRY_MAX,17
SEND_MAX_EXTENT_REFS,1
MAX_MKSPC_RETRIES,1
HARD_LEBS_LIMIT,1
MAX_SKIP_GC_COUNT,1
GSSD_MIN_TIMEOUT,1
RDS_IB_RECYCLE_BATCH_COUNT,1
MAX_GRO_SKBS,1
TCP_THIN_LINEAR_RETRIES,1
AMT_MAX_REQ_COUNT,1
PCPU_SLOT_FAIL_THRESHOLD,1
MAX_OOM_REAP_RETRIES,1
MULTISHOT_MAX_RETRY,1
BLK_PLUG_FLUSH_SIZE,1
RBIO_CACHE_SIZE,1
SMALLIMP,1
MAX_PINNED_INTERVAL,1
ALLOC_CACHE_THRESHOLD,1
ALLOC_CACHE_MAX,1
BFQ_RATE_MIN_SAMPLES,1
BFQ_HW_QUEUE_SAMPLES,1
p->numa_scan_seq <= 4,1
BFQ_RATE_MIN_SAMPLES,1
BFQ_RATE_MIN_INTERVAL,1
max_service_from_wr,1
BTRFS_DELAYED_WRITEBACK,2
DEF_MAX_RECLAIM_PREFREE_SEGMENTS,2
MMAP_LOTSAMISS,2
WORKER_INIT_LIMIT,2
EP_MAX_NESTS,2
MLD_MAX_SKBS,2
MAX_NR_FOLIOS_PER_FREE,2
NR_MAX_BATCHED_MIGRATION,2
UTIL_EST_MARGIN,2
DFR_MAX,2
TCP_DELACK_MIN,3
QUEUE_THRESHOLD,3
NR_MAX_MIGRATE_PAGES_RETRY,3
SOFT_LEBS_LIMIT,3
NUMA_IMBALANCE_MIN,3
MAX_PARTIAL_TO_SCAN,3
TCP_TIMEOUT_MIN,4
SBQ_WAKE_BATCH,8
BLK_MQ_MAX_DEPTH,4
BLK_MIN_SG_TIMEOUT,4
GET_PAGE_MAX_RETRY_NUM,4
BFQ_HW_QUEUE_THRESHOLD,4
BFQ_MIN_TT,4
IORING_MAX_ENTRIES,5
BTRFS_DELAYED_BACKGROUND,5
NUMA_PERIOD_THRESHOLD,5
bfq_stats_min_budgets,5
IO_POLL_REF_BIAS,6
AIO_PLUG_THRESHOLD,6
MAX_SCAN_WINDOW,6
TCP_DELACK_MAX,8
TCP_MAX_WSCALE,11
TCP_ATO_MIN,13
TCP_INIT_CWND,12
